gene	pearson_correlation	pearson_pvalue	n_perturbed_cells	n_de_genes_used	method
NAF1	-0.093468	0.69509745	94	20	STATE_DE20
BUB1	-0.109001	0.64734983	648	20	STATE_DE20
UBL5	0.306767	0.18832256	232	20	STATE_DE20
C9orf16	0.16103	0.49762923	212	20	STATE_DE20
TIMM9	0.116783	0.6239047	201	20	STATE_DE20
SMG5	0.498292	0.025345767	83	20	STATE_DE20
ZNF687	0.023147	0.92283595	205	20	STATE_DE20
MED9	0.156846	0.50901026	119	20	STATE_DE20
RPL3	-0.14718	0.53577596	1996	20	STATE_DE20
PSTK	-0.01193	0.9601884	379	20	STATE_DE20
RNF8	0.074732	0.7541832	176	20	STATE_DE20
MED1	-0.007593	0.974656	254	20	STATE_DE20
HNRNPH1	-0.374634	0.10364343	160	20	STATE_DE20
RPL10A	0.315615	0.17524604	257	20	STATE_DE20
SLC35B1	-0.219631	0.35216168	70	20	STATE_DE20
LIN54	0.074606	0.7545839	306	20	STATE_DE20
EIF1AX	-0.219295	0.35291702	134	20	STATE_DE20
OR7A17	-0.097317	0.68315345	108	20	STATE_DE20
NUP98	0.339391	0.14321096	510	20	STATE_DE20
OIP5	-0.257319	0.27341118	137	20	STATE_DE20
ANAPC15	0.129575	0.586118	424	20	STATE_DE20
RRM2	0.274133	0.24216402	577	20	STATE_DE20
N6AMT1	0.013252	0.95577765	138	20	STATE_DE20
RPS20	-0.283067	0.22653703	273	20	STATE_DE20
WTAP	0.026736	0.91091293	165	20	STATE_DE20
RIOK2	-0.397213	0.08288509	174	20	STATE_DE20
CIAO1	0.120247	0.61357665	255	20	STATE_DE20
POP7	0.167837	0.47937873	218	20	STATE_DE20
EIF3E	0.168289	0.47817972	232	20	STATE_DE20
MRPS14	-0.205941	0.38370767	92	20	STATE_DE20
MYO1H	-0.072411	0.76160175	124	20	STATE_DE20
MRPL2	-0.041571	0.86185205	147	20	STATE_DE20
MED10	-0.31514	0.17593166	516	20	STATE_DE20
TRA2B	-0.209866	0.3745066	222	20	STATE_DE20
PSMC4	-0.36241	0.116340265	242	20	STATE_DE20
NAA38	0.326675	0.15978809	368	20	STATE_DE20
LENG8	0.357516	0.12172355	121	20	STATE_DE20
CDAN1	-0.102422	0.66742486	137	20	STATE_DE20
KLC2	-0.228918	0.33164322	127	20	STATE_DE20
CHORDC1	0.049272	0.836567	259	20	STATE_DE20
PPP4C	-0.11073	0.642112	171	20	STATE_DE20
RAB18	-0.269242	0.2510042	43	20	STATE_DE20
TUBGCP2	0.131915	0.5793123	238	20	STATE_DE20
EIF3M	-0.136551	0.56593245	246	20	STATE_DE20
CADM4	-0.007659	0.9744348	381	20	STATE_DE20
RPL5	-0.01602	0.9465545	200	20	STATE_DE20
TICRR	0.391944	0.08742693	157	20	STATE_DE20
RPL13	0.034679	0.88459694	337	20	STATE_DE20
KIF11	0.117503	0.6217514	974	20	STATE_DE20
ASF1B	0.135173	0.56989604	284	20	STATE_DE20
CNOT3	-0.078456	0.74231946	332	20	STATE_DE20
WDR36	-0.288163	0.21792407	285	20	STATE_DE20
RPL31	0.093477	0.69506997	294	20	STATE_DE20
SNAPC3	0.381165	0.097287275	212	20	STATE_DE20
MED12	0.066605	0.78024817	573	20	STATE_DE20
PRODH	-0.227439	0.33486348	379	20	STATE_DE20
NBAS	0.066226	0.7814682	107	20	STATE_DE20
CKAP5	-0.139268	0.5581535	315	20	STATE_DE20
ELP5	-0.148408	0.5323383	177	20	STATE_DE20
ZNF407	0.081372	0.7330733	112	20	STATE_DE20
SNX15	0.335796	0.14777024	637	20	STATE_DE20
RPS6	0.022356	0.925466	178	20	STATE_DE20
TUBD1	0.369023	0.10933961	190	20	STATE_DE20
SEC13	0.163503	0.49096018	56	20	STATE_DE20
EIF4E	-0.241789	0.30440602	357	20	STATE_DE20
H2AFZ	0.146626	0.5373282	106	20	STATE_DE20
EEF1G	-0.064272	0.78777254	175	20	STATE_DE20
DNAJA1	-0.212467	0.36847785	292	20	STATE_DE20
LSG1	0.419392	0.065659896	116	20	STATE_DE20
FBXO5	0.046507	0.8456304	326	20	STATE_DE20
MTOR	-0.132121	0.5787145	101	20	STATE_DE20
SFSWAP	-0.127801	0.5912993	172	20	STATE_DE20
USP8	0.047843	0.8412475	74	20	STATE_DE20
HTATSF1	0.183744	0.43807092	96	20	STATE_DE20
SUPT5H	0.002495	0.99166924	406	20	STATE_DE20
WDR4	-0.170178	0.47317985	347	20	STATE_DE20
AP2M1	0.151734	0.52308625	215	20	STATE_DE20
PPP2R3C	0.4031	0.078018695	52	20	STATE_DE20
LTB4R2	-0.014273	0.9523773	188	20	STATE_DE20
EIF4G1	-0.157034	0.5084961	372	20	STATE_DE20
RPA1	0.278065	0.23520303	469	20	STATE_DE20
TRRAP	-0.171683	0.4692162	427	20	STATE_DE20
BRF1	-0.218285	0.3551935	166	20	STATE_DE20
NUP205	-0.331612	0.15320128	735	20	STATE_DE20
PRPF40A	-0.282841	0.22692244	118	20	STATE_DE20
HSPA9	0.262878	0.2628134	420	20	STATE_DE20
SLU7	-0.273357	0.24355207	225	20	STATE_DE20
DDX46	-0.378761	0.09959321	214	20	STATE_DE20
NOP16	0.15673	0.5093295	149	20	STATE_DE20
PMPCA	0.012153	0.95944345	140	20	STATE_DE20
NSUN4	-0.496277	0.026038691	156	20	STATE_DE20
HARS2	-0.264538	0.25969958	62	20	STATE_DE20
POLA1	0.015545	0.94813645	230	20	STATE_DE20
SNRNP40	-0.119518	0.6157452	210	20	STATE_DE20
EMC3	0.238453	0.31133226	195	20	STATE_DE20
ERH	-0.023191	0.92269003	86	20	STATE_DE20
MRPS7	0.181386	0.4440728	123	20	STATE_DE20
CENPJ	0.307716	0.18688929	282	20	STATE_DE20
MRPS28	-0.043994	0.85388285	158	20	STATE_DE20
SLC7A5	-0.118189	0.61970454	378	20	STATE_DE20
RPS27	0.115986	0.6262891	174	20	STATE_DE20
SUPT6H	0.139806	0.55661815	288	20	STATE_DE20
U2SURP	-0.042176	0.8598609	290	20	STATE_DE20
GFER	0.020532	0.9315319	222	20	STATE_DE20
FAM136A	-0.158892	0.5034299	50	20	STATE_DE20
KDM8	0.160905	0.49796635	56	20	STATE_DE20
C1QBP	-0.311518	0.18122111	210	20	STATE_DE20
DNLZ	-0.177146	0.4549725	140	20	STATE_DE20
ZMAT2	0.056111	0.8142372	436	20	STATE_DE20
RSL24D1	-0.078401	0.7424975	179	20	STATE_DE20
PMPCB	-0.224396	0.34154454	553	20	STATE_DE20
UPF3A	-0.202655	0.39150786	76	20	STATE_DE20
RPS13	0.178821	0.45065016	135	20	STATE_DE20
SUGP1	-0.402774	0.07828211	149	20	STATE_DE20
BTF3	0.279013	0.23354399	79	20	STATE_DE20
PGD	0.429935	0.05848744	115	20	STATE_DE20
SNRNP200	-0.152914	0.51981956	169	20	STATE_DE20
BCAS2	-0.122411	0.6071604	227	20	STATE_DE20
CACNB3	0.263758	0.26115954	316	20	STATE_DE20
RAD51	0.038814	0.8709413	241	20	STATE_DE20
SLC39A9	-0.230526	0.32816434	752	20	STATE_DE20
SLC1A5	-0.152674	0.52048343	490	20	STATE_DE20
NUDC	0.175068	0.46036568	117	20	STATE_DE20
URB1	0.043202	0.8564871	33	20	STATE_DE20
FXN	0.22215	0.34652504	174	20	STATE_DE20
PCF11	0.131681	0.57999307	499	20	STATE_DE20
SAE1	-0.07362	0.7577337	121	20	STATE_DE20
SERBP1	0.284952	0.22332516	109	20	STATE_DE20
ABCB7	0.086621	0.7165141	199	20	STATE_DE20
PSMA3	0.240226	0.30763912	372	20	STATE_DE20
TFIP11	-0.386027	0.09274435	61	20	STATE_DE20
RPS26	0.214941	0.36279467	87	20	STATE_DE20
MAK16	0.193006	0.41491157	213	20	STATE_DE20
ACOT12	0.149211	0.5300996	180	20	STATE_DE20
TIMM23B	0.140146	0.55564797	498	20	STATE_DE20
GRPEL1	0.254696	0.2785015	123	20	STATE_DE20
COX7B	0.29411	0.20814827	120	20	STATE_DE20
SACM1L	0.011079	0.9630238	193	20	STATE_DE20
EIF3A	0.307091	0.1878331	379	20	STATE_DE20
METAP2	0.203333	0.3898909	161	20	STATE_DE20
ZCCHC9	0.142567	0.5487717	54	20	STATE_DE20
VPS37A	-0.269206	0.25107175	75	20	STATE_DE20
LAMTOR4	0.26362	0.26141846	136	20	STATE_DE20
RPL37	-0.126638	0.59470856	382	20	STATE_DE20
RSL1D1	-0.290512	0.21402718	211	20	STATE_DE20
ACTL6A	-0.178823	0.45064524	55	20	STATE_DE20
PHF5A	0.232703	0.32349002	231	20	STATE_DE20
ZNHIT6	0.193904	0.41270292	117	20	STATE_DE20
NUF2	-0.154966	0.5141658	503	20	STATE_DE20
NIP7	0.149156	0.5302532	279	20	STATE_DE20
BUB3	-0.274186	0.24206859	409	20	STATE_DE20
CDK9	0.04656	0.8454567	140	20	STATE_DE20
SAMM50	0.139277	0.5581259	102	20	STATE_DE20
SRBD1	-0.036855	0.8774059	150	20	STATE_DE20
CBLN1	0.354334	0.12531827	214	20	STATE_DE20
MFAP1	0.09893	0.6781714	197	20	STATE_DE20
ALG2	0.368422	0.10996335	247	20	STATE_DE20
PSMC2	-0.147399	0.5351625	432	20	STATE_DE20
CSE1L	-0.342319	0.13957174	432	20	STATE_DE20
FOLR3	-0.085773	0.7191817	304	20	STATE_DE20
USF2	0.243041	0.30183092	185	20	STATE_DE20
ACTR2	-0.198518	0.40145084	236	20	STATE_DE20
RNF14	0.275147	0.24035618	240	20	STATE_DE20
RPS24	0.297697	0.20239532	243	20	STATE_DE20
RPS19	0.100641	0.6728987	422	20	STATE_DE20
ARGLU1	0.111096	0.6410068	498	20	STATE_DE20
GTF2H4	-0.387405	0.091485396	115	20	STATE_DE20
NPEPPS	0.0222	0.92598486	153	20	STATE_DE20
GTF2E2	-0.006243	0.9791609	70	20	STATE_DE20
TRNT1	0.063655	0.7897664	203	20	STATE_DE20
NUMA1	0.39312	0.08639785	284	20	STATE_DE20
PDCD6IP	0.103191	0.66506594	257	20	STATE_DE20
TARDBP	-0.238684	0.31084937	169	20	STATE_DE20
CPNE7	0.106566	0.6547549	101	20	STATE_DE20
DYNLRB1	0.184829	0.43532333	282	20	STATE_DE20
KRR1	0.318734	0.17078653	449	20	STATE_DE20
THOC6	-0.037931	0.87385374	116	20	STATE_DE20
INTS8	-0.178747	0.45084196	323	20	STATE_DE20
DYNC1I2	-0.025066	0.91645664	300	20	STATE_DE20
HSPA5	-0.38109	0.09735904	438	20	STATE_DE20
PSME2	0.059193	0.8042172	151	20	STATE_DE20
MCM4	-0.230034	0.32922828	87	20	STATE_DE20
UBE2D3	-0.301508	0.19640014	142	20	STATE_DE20
PSMD11	-0.2219	0.34708145	80	20	STATE_DE20
SRP72	0.127958	0.59084237	224	20	STATE_DE20
MRPL55	-0.138649	0.559921	170	20	STATE_DE20
AHCY	0.264219	0.2602963	147	20	STATE_DE20
OLFML3	-0.003026	0.989898	173	20	STATE_DE20
CRNKL1	0.036221	0.87950027	261	20	STATE_DE20
NELFCD	-0.05261	0.82565296	201	20	STATE_DE20
HCRTR1	0.064013	0.78861123	116	20	STATE_DE20
PSMB7	0.064074	0.78841364	404	20	STATE_DE20
SRSF11	0.117861	0.62068355	437	20	STATE_DE20
TSR2	0.262486	0.26355237	523	20	STATE_DE20
DNMT1	0.39826	0.082003534	170	20	STATE_DE20
PDCD11	0.328348	0.15753508	98	20	STATE_DE20
PSMD8	-0.194281	0.4117782	22	20	STATE_DE20
NCBP2	0.381667	0.09681138	992	20	STATE_DE20
C7orf26	-0.030997	0.8967822	86	20	STATE_DE20
ZNF131	-0.370277	0.10804731	23	20	STATE_DE20
CDC20	-0.409407	0.073044986	115	20	STATE_DE20
BUD13	-0.41471	0.06904891	174	20	STATE_DE20
DYNLL1	0.101183	0.6712313	71	20	STATE_DE20
CLASRP	0.194972	0.41008428	127	20	STATE_DE20
RRP15	-0.070399	0.76804775	32	20	STATE_DE20
SNRPD3	-0.058776	0.8055734	182	20	STATE_DE20
COG2	-0.007438	0.9751711	343	20	STATE_DE20
PC	-0.375706	0.10258047	225	20	STATE_DE20
SFPQ	-0.306309	0.18901761	303	20	STATE_DE20
SDE2	0.111823	0.6388084	151	20	STATE_DE20
MRPL18	0.213747	0.36553112	180	20	STATE_DE20
CDK11A	0.148196	0.5329326	269	20	STATE_DE20
VHL	-0.139514	0.55745107	162	20	STATE_DE20
RPL34	0.224486	0.34134609	330	20	STATE_DE20
TRAPPC3	-0.086771	0.7160416	163	20	STATE_DE20
SLC16A5	0.228129	0.33335835	179	20	STATE_DE20
RPS3	0.092984	0.69660497	276	20	STATE_DE20
NAA15	0.199126	0.39998007	128	20	STATE_DE20
TTC1	-0.039663	0.86814123	69	20	STATE_DE20
DONSON	-0.043751	0.85468036	745	20	STATE_DE20
KANSL3	-0.202794	0.391175	187	20	STATE_DE20
KRT10	-0.1603	0.49960503	182	20	STATE_DE20
DNM1L	0.221153	0.34874985	168	20	STATE_DE20
PTPN23	-0.233427	0.3219435	140	20	STATE_DE20
ARPC3	-0.187377	0.42890626	141	20	STATE_DE20
WDR33	0.237773	0.3127556	103	20	STATE_DE20
ANAPC4	-0.238729	0.31075552	63	20	STATE_DE20
SPCS2	-0.476389	0.033712775	122	20	STATE_DE20
ATP6V1H	-0.299001	0.20033062	84	20	STATE_DE20
COG1	-0.015169	0.94939053	40	20	STATE_DE20
NANOG	0.238656	0.3109081	125	20	STATE_DE20
DSN1	0.254226	0.27942032	245	20	STATE_DE20
PSMB4	0.13541	0.5692125	101	20	STATE_DE20
EGLN2	0.151593	0.5234771	362	20	STATE_DE20
PPWD1	-0.453713	0.044501692	24	20	STATE_DE20
RPLP2	0.005426	0.98188555	222	20	STATE_DE20
GTF3C5	-0.082314	0.7300916	166	20	STATE_DE20
RARS2	0.243072	0.3017688	148	20	STATE_DE20
COPS3	-0.065061	0.78522635	73	20	STATE_DE20
PPIE	0.095733	0.6880602	46	20	STATE_DE20
UQCRQ	-0.205249	0.38534215	166	20	STATE_DE20
RPF1	0.233235	0.32235265	125	20	STATE_DE20
GEMIN7	-0.036493	0.8785997	136	20	STATE_DE20
LSM5	0.284247	0.22452226	202	20	STATE_DE20
ZBTB17	0.304583	0.1916498	160	20	STATE_DE20
PPP1R12A	-0.28711	0.21968576	179	20	STATE_DE20
DPH2	-0.017756	0.94077206	164	20	STATE_DE20
POLR2G	-0.232456	0.3240175	155	20	STATE_DE20
RPS29	0.216081	0.36019403	403	20	STATE_DE20
TCOF1	0.212111	0.36929822	97	20	STATE_DE20
DDX19A	0.401345	0.079446726	103	20	STATE_DE20
LSM12	-0.206977	0.38126713	63	20	STATE_DE20
C19orf53	-0.328439	0.15741256	169	20	STATE_DE20
TUBA1B	0.092374	0.69850415	74	20	STATE_DE20
USP39	-0.569168	0.008813391	220	20	STATE_DE20
TAF10	-0.036899	0.877261	39	20	STATE_DE20
HUS1	-0.109902	0.64461875	201	20	STATE_DE20
GARS	0.222548	0.34563953	256	20	STATE_DE20
CNOT1	0.309261	0.18457288	269	20	STATE_DE20
CHD4	0.202466	0.39195845	44	20	STATE_DE20
TUBGCP6	-0.222323	0.34613916	153	20	STATE_DE20
ZNF506	0.570592	0.008607894	177	20	STATE_DE20
KIAA1143	0.390071	0.08908507	198	20	STATE_DE20
XPO1	0.291072	0.2131056	207	20	STATE_DE20
SART1	-0.437393	0.053784315	306	20	STATE_DE20
SLC4A5	0.045342	0.8494531	226	20	STATE_DE20
VCP	-0.099945	0.6750397	239	20	STATE_DE20
RPS10	-0.387641	0.0912707	106	20	STATE_DE20
MRPS23	-0.125641	0.5976357	119	20	STATE_DE20
SGPP1	0.279317	0.23301351	159	20	STATE_DE20
NUP54	0.126101	0.5962834	291	20	STATE_DE20
POLR2B	0.191114	0.4195885	320	20	STATE_DE20
ANAPC2	0.100789	0.672442	237	20	STATE_DE20
SMARCE1	0.217935	0.35598493	31	20	STATE_DE20
ERCC2	-0.183733	0.43809873	117	20	STATE_DE20
TOMM22	0.126987	0.59368396	104	20	STATE_DE20
PRIM2	-0.36412	0.11450067	156	20	STATE_DE20
PPP2CA	-0.09282	0.69711477	184	20	STATE_DE20
CEP85	-0.156964	0.50868744	129	20	STATE_DE20
NISCH	0.021796	0.92732644	144	20	STATE_DE20
SSRP1	-0.262503	0.2635209	562	20	STATE_DE20
PRIM1	-0.258615	0.27091667	181	20	STATE_DE20
CWF19L2	-0.396918	0.08313453	194	20	STATE_DE20
SOD1	0.084142	0.7243199	165	20	STATE_DE20
MRPS9	0.169723	0.47438177	76	20	STATE_DE20
NDUFB4	-0.151743	0.5230608	166	20	STATE_DE20
YPEL1	-0.181309	0.44427013	72	20	STATE_DE20
SON	-0.104151	0.66212755	515	20	STATE_DE20
SEH1L	-0.200723	0.39613286	60	20	STATE_DE20
BGLAP	-0.051696	0.8286369	236	20	STATE_DE20
RNF123	0.151443	0.5238925	111	20	STATE_DE20
TCERG1	-0.048583	0.83882284	105	20	STATE_DE20
PSMD7	0.13063	0.5830455	373	20	STATE_DE20
ELP2	0.111757	0.63900816	189	20	STATE_DE20
UTP15	-0.335423	0.14824912	152	20	STATE_DE20
MCM2	0.082491	0.7295327	123	20	STATE_DE20
DDX23	-0.082513	0.7294622	159	20	STATE_DE20
SUGT1	0.084654	0.7227063	107	20	STATE_DE20
PAXBP1	0.401419	0.07938582	129	20	STATE_DE20
METTL1	-0.292479	0.2107994	208	20	STATE_DE20
BDP1	0.237636	0.31304225	331	20	STATE_DE20
CENPE	-0.197706	0.40341884	177	20	STATE_DE20
MZT1	0.059437	0.80342674	455	20	STATE_DE20
LSM7	-0.132063	0.57888454	140	20	STATE_DE20
NRDE2	-0.213846	0.3653045	504	20	STATE_DE20
ABHD11	-0.033879	0.8872408	49	20	STATE_DE20
GUCD1	0.154858	0.5144643	279	20	STATE_DE20
PYROXD1	0.067681	0.7767828	100	20	STATE_DE20
NFRKB	-0.130333	0.5839117	228	20	STATE_DE20
COPA	0.229892	0.32953417	243	20	STATE_DE20
SRPRB	-0.040418	0.8656522	164	20	STATE_DE20
RPS14	-0.124364	0.6013931	181	20	STATE_DE20
RPL17	0.083041	0.7277958	149	20	STATE_DE20
FIP1L1	-0.12896	0.5879129	21	20	STATE_DE20
SETD2	-0.209684	0.37492946	109	20	STATE_DE20
RFT1	-0.143777	0.545348	121	20	STATE_DE20
LSM6	0.094822	0.6908894	461	20	STATE_DE20
SLC25A10	0.220902	0.34931076	303	20	STATE_DE20
RTCB	-0.29802	0.20188202	171	20	STATE_DE20
CS	-0.23151	0.3260477	222	20	STATE_DE20
WDR25	0.140334	0.5551139	159	20	STATE_DE20
RPS11	0.250688	0.2863948	268	20	STATE_DE20
RPL21	0.260595	0.26713434	262	20	STATE_DE20
BTF3L4	-0.294541	0.20745179	141	20	STATE_DE20
PHAX	0.196877	0.40543327	412	20	STATE_DE20
UQCC2	0.491371	0.02778915	101	20	STATE_DE20
LSM2	-0.285474	0.22244099	357	20	STATE_DE20
ATP6V1A	0.093983	0.693495	96	20	STATE_DE20
NXF1	0.576319	0.007820777	251	20	STATE_DE20
SNRPG	-0.430499	0.05812071	402	20	STATE_DE20
EXOC1	0.289316	0.21600612	182	20	STATE_DE20
RPS28	-0.335696	0.14789788	309	20	STATE_DE20
NUP214	-0.210164	0.3738125	132	20	STATE_DE20
PRPF6	-0.152277	0.5215833	232	20	STATE_DE20
NCOA4	0.209502	0.37535313	134	20	STATE_DE20
CNN2	-0.37972	0.098668166	197	20	STATE_DE20
DPH1	-0.29054	0.2139806	335	20	STATE_DE20
BPTF	-0.117273	0.6224402	56	20	STATE_DE20
MZF1	0.081229	0.7335247	128	20	STATE_DE20
TMEM240	0.191373	0.41894543	176	20	STATE_DE20
STAT5A	0.075188	0.7527257	204	20	STATE_DE20
FOXL2	0.03646	0.87870985	164	20	STATE_DE20
MKRN1	-0.240067	0.30796996	160	20	STATE_DE20
MRPL38	-0.107604	0.6515929	155	20	STATE_DE20
UBE2N	-0.154264	0.51609737	174	20	STATE_DE20
AAAS	-0.172898	0.4660289	212	20	STATE_DE20
HIST1H2AB	-0.14964	0.5289033	97	20	STATE_DE20
ZNHIT2	0.008201	0.9726249	96	20	STATE_DE20
STARD7	-0.342346	0.13953885	117	20	STATE_DE20
NBPF12	-0.068304	0.7747798	150	20	STATE_DE20
IARS2	0.476107	0.03383299	216	20	STATE_DE20
MED7	0.274553	0.241413	272	20	STATE_DE20
TUBGCP5	-0.468133	0.037374247	72	20	STATE_DE20
UBE2H	-0.082063	0.7308862	194	20	STATE_DE20
LRRC37A3	-0.059031	0.80474466	114	20	STATE_DE20
CDK1	0.250938	0.2858976	347	20	STATE_DE20
ZNF763	-0.19295	0.4150514	148	20	STATE_DE20
DNAJC9	0.408789	0.07352124	84	20	STATE_DE20
GTF2H1	0.04866	0.8385721	434	20	STATE_DE20
GAB2	0.226381	0.33717802	674	20	STATE_DE20
MAGOH	-0.187822	0.42779204	242	20	STATE_DE20
CHEK1	-0.063826	0.78921324	295	20	STATE_DE20
RTTN	-0.226018	0.3379736	125	20	STATE_DE20
KRTAP4-7	-0.345091	0.13618642	168	20	STATE_DE20
NSRP1	0.070296	0.76838124	237	20	STATE_DE20
DNTTIP2	0.017157	0.9427669	264	20	STATE_DE20
RPP40	0.043379	0.8559033	78	20	STATE_DE20
RAB6A	-0.054588	0.8192	59	20	STATE_DE20
OR4F4	0.303867	0.1927492	66	20	STATE_DE20
COX5B	0.178505	0.45146528	118	20	STATE_DE20
EIF2B2	-0.20695	0.38133022	319	20	STATE_DE20
COPS4	0.289841	0.21513537	262	20	STATE_DE20
GCOM1	-0.275079	0.24047723	62	20	STATE_DE20
INTS9	-0.287442	0.21912909	229	20	STATE_DE20
BCR	0.297466	0.20276189	561	20	STATE_DE20
NOL11	0.064877	0.7858188	271	20	STATE_DE20
EIF3H	-0.228067	0.33349437	369	20	STATE_DE20
U2AF1	-0.353612	0.12614432	141	20	STATE_DE20
DDX11	-0.079466	0.73911506	128	20	STATE_DE20
MYCBP	0.100063	0.6746769	208	20	STATE_DE20
NOL6	0.177908	0.45300326	114	20	STATE_DE20
PRPF4	0.164082	0.4894042	117	20	STATE_DE20
SF3A2	0.071536	0.7644048	321	20	STATE_DE20
TXN	-0.157446	0.50737196	94	20	STATE_DE20
CSNK1A1	-0.090972	0.70288026	172	20	STATE_DE20
COPG1	-0.132727	0.57695925	261	20	STATE_DE20
PPP2R1A	-0.09494	0.6905222	455	20	STATE_DE20
DDX6	0.190752	0.42048562	76	20	STATE_DE20
DDX47	0.089851	0.70638573	313	20	STATE_DE20
MRPL10	0.282142	0.22812368	102	20	STATE_DE20
ORC5	0.006913	0.9769251	89	20	STATE_DE20
CLP1	-0.13229	0.57822543	55	20	STATE_DE20
CDIPT	0.048653	0.83859473	247	20	STATE_DE20
FBL	0.247297	0.2931792	132	20	STATE_DE20
ZNF468	-0.120932	0.6115424	207	20	STATE_DE20
CDC27	0.089076	0.7088115	366	20	STATE_DE20
HNRNPR	-0.240755	0.3065435	149	20	STATE_DE20
DHFR	-0.110575	0.6425819	125	20	STATE_DE20
MCM7	-0.153447	0.51834905	160	20	STATE_DE20
DDX49	-0.00972	0.96755797	45	20	STATE_DE20
KRTAP4-2	-0.233511	0.3217643	132	20	STATE_DE20
HIST1H2BM	0.20577	0.3841113	156	20	STATE_DE20
SMN2	0.01466	0.9510857	319	20	STATE_DE20
MOG	0.280406	0.23112112	124	20	STATE_DE20
ACTR1B	-0.145075	0.5416869	206	20	STATE_DE20
CCND1	-0.181166	0.44463575	146	20	STATE_DE20
WDR61	-0.513934	0.02044699	108	20	STATE_DE20
MRPL1	-0.327427	0.15877268	165	20	STATE_DE20
ANKRD11	-0.009723	0.96755	260	20	STATE_DE20
UQCRC1	0.295327	0.20618427	316	20	STATE_DE20
CENPN	-0.181897	0.4427692	147	20	STATE_DE20
RAD17	0.106454	0.6550945	129	20	STATE_DE20
YPEL5	-0.324368	0.16293216	76	20	STATE_DE20
DHODH	0.250366	0.28703505	223	20	STATE_DE20
CCDC86	0.282447	0.22759877	253	20	STATE_DE20
LIMS1	-0.723197	0.0003143954	287	20	STATE_DE20
NACA	0.003237	0.9891928	354	20	STATE_DE20
SRP9	0.366497	0.11197744	168	20	STATE_DE20
TSEN34	-0.220863	0.3493985	275	20	STATE_DE20
RPS21	0.475693	0.034010187	75	20	STATE_DE20
PSMC6	0.182709	0.44069985	151	20	STATE_DE20
MRPL51	0.274532	0.24145065	111	20	STATE_DE20
CAMLG	0.119198	0.6166972	99	20	STATE_DE20
ICE1	0.399862	0.08066799	429	20	STATE_DE20
POLE	-0.139022	0.5588546	168	20	STATE_DE20
NKAP	0.109116	0.64700085	123	20	STATE_DE20
RPA3	-0.032195	0.89281416	208	20	STATE_DE20
MAD2L1	0.127925	0.5909379	154	20	STATE_DE20
RBM14	0.263914	0.26086885	228	20	STATE_DE20
NHLRC2	-0.124883	0.5998657	91	20	STATE_DE20
OR7A10	0.341261	0.14087932	38	20	STATE_DE20
EXOSC9	0.108062	0.65020156	40	20	STATE_DE20
ENO1	0.331503	0.15334567	70	20	STATE_DE20
TSG101	0.639666	0.0023882436	87	20	STATE_DE20
THAP1	0.420675	0.06475315	110	20	STATE_DE20
TRMT10C	-0.215867	0.36068124	88	20	STATE_DE20
EIF2B5	0.051107	0.83056134	461	20	STATE_DE20
GET1	-0.124013	0.6024277	73	20	STATE_DE20
LTV1	0.235189	0.31819806	318	20	STATE_DE20
RHPN1	0.076273	0.74926627	225	20	STATE_DE20
YRDC	-0.299327	0.19981651	106	20	STATE_DE20
JMJD6	0.079904	0.7377248	193	20	STATE_DE20
DDN	-0.220531	0.35014078	249	20	STATE_DE20
CENPT	0.346277	0.13475594	65	20	STATE_DE20
VPS29	0.250771	0.28622958	165	20	STATE_DE20
CDK2	0.03666	0.8780485	105	20	STATE_DE20
BCL2L1	-0.138768	0.55958134	173	20	STATE_DE20
TACC3	-0.028625	0.9046455	132	20	STATE_DE20
PKMYT1	0.388155	0.090805024	92	20	STATE_DE20
KPNB1	0.295219	0.20635921	366	20	STATE_DE20
SDAD1	0.248079	0.2916055	240	20	STATE_DE20
DDX55	0.293858	0.20855747	163	20	STATE_DE20
RPL7	0.254194	0.2794821	301	20	STATE_DE20
SARS2	0.043525	0.8554231	163	20	STATE_DE20
FNTA	0.050605	0.8322036	80	20	STATE_DE20
SF3A1	0.333129	0.15121627	332	20	STATE_DE20
CWC15	-0.227601	0.33450893	184	20	STATE_DE20
TKT	0.052659	0.825491	202	20	STATE_DE20
RAB4A	0.274112	0.24220109	303	20	STATE_DE20
TBCA	0.274456	0.2415865	179	20	STATE_DE20
NFATC2IP	-0.316572	0.173869	118	20	STATE_DE20
UFL1	0.118697	0.6181886	162	20	STATE_DE20
CENPA	-0.189369	0.42392683	76	20	STATE_DE20
ABCE1	-0.222719	0.34525982	249	20	STATE_DE20
PRC1	0.227119	0.33556232	187	20	STATE_DE20
CHMP6	-0.108327	0.6493949	624	20	STATE_DE20
PPP1R8	0.201692	0.39381048	69	20	STATE_DE20
MRPL16	-0.02174	0.9275139	85	20	STATE_DE20
RBX1	0.000222	0.9992574	57	20	STATE_DE20
SARNP	-0.383876	0.094734326	93	20	STATE_DE20
BRIX1	-0.187283	0.4291437	132	20	STATE_DE20
MRPL39	0.34795	0.1327569	154	20	STATE_DE20
POLR1B	0.15353	0.51812047	181	20	STATE_DE20
SRSF2	0.219362	0.35276678	69	20	STATE_DE20
MPHOSPH10	0.321744	0.166559	43	20	STATE_DE20
ALDOA	-0.203454	0.38960367	78	20	STATE_DE20
HIST1H2AE	0.152447	0.52111036	123	20	STATE_DE20
MED19	0.114012	0.6322145	544	20	STATE_DE20
DHDDS	-0.379156	0.099211626	96	20	STATE_DE20
EARS2	0.146588	0.53743416	192	20	STATE_DE20
NAA35	-0.195376	0.40909547	193	20	STATE_DE20
SMG6	-0.065169	0.7848786	54	20	STATE_DE20
C1QTNF4	-0.055505	0.816211	199	20	STATE_DE20
TRAIP	0.256776	0.27446014	87	20	STATE_DE20
MED6	-0.499441	0.024956938	246	20	STATE_DE20
MAX	-0.352504	0.12741919	180	20	STATE_DE20
DIS3	0.390606	0.0886091	43	20	STATE_DE20
PTCD1	0.501503	0.024271196	267	20	STATE_DE20
TREX2	0.159932	0.50060344	275	20	STATE_DE20
TEAD3	-0.107878	0.65076065	267	20	STATE_DE20
HIRA	-0.10688	0.65379804	341	20	STATE_DE20
CSH2	-0.335751	0.14782786	179	20	STATE_DE20
CHMP7	-0.344856	0.13647093	240	20	STATE_DE20
POP4	0.101216	0.6711276	128	20	STATE_DE20
SDHC	0.104635	0.6606474	104	20	STATE_DE20
SSU72	0.219398	0.35268497	85	20	STATE_DE20
DDX19B	-0.099438	0.6766031	285	20	STATE_DE20
HARS	-0.292943	0.21004386	289	20	STATE_DE20
RPL24	-0.040145	0.8665511	460	20	STATE_DE20
COPB2	-0.095719	0.6881027	129	20	STATE_DE20
CCDC144A	-0.338141	0.1447852	117	20	STATE_DE20
DR1	-0.122842	0.605886	126	20	STATE_DE20
COX11	0.030834	0.897323	109	20	STATE_DE20
NBPF3	-0.2943	0.2078406	133	20	STATE_DE20
POLD3	-0.026941	0.9102315	68	20	STATE_DE20
POLR2D	0.228256	0.33308333	281	20	STATE_DE20
SRSF1	-0.332795	0.15165216	159	20	STATE_DE20
C16orf86	0.104929	0.6597486	184	20	STATE_DE20
DYNC1H1	0.140805	0.55377185	291	20	STATE_DE20
ZNF284	-0.043923	0.85411406	218	20	STATE_DE20
GET3	-0.026037	0.9132344	121	20	STATE_DE20
CENPI	-0.239616	0.30890772	42	20	STATE_DE20
EIF4G2	-0.070042	0.76919615	342	20	STATE_DE20
ARCN1	0.135703	0.56836987	333	20	STATE_DE20
NOS1AP	0.063642	0.7898095	54	20	STATE_DE20
NASP	0.397931	0.08227927	184	20	STATE_DE20
ZBTB11	-0.110609	0.64247876	146	20	STATE_DE20
FBLIM1	-0.01599	0.946653	133	20	STATE_DE20
SDHAF2	0.199989	0.3978984	126	20	STATE_DE20
XRCC2	-0.272341	0.24538007	157	20	STATE_DE20
POLR3B	-0.058044	0.8079499	113	20	STATE_DE20
MYBL2	0.317107	0.17310277	106	20	STATE_DE20
ZNF574	-0.002885	0.99036807	314	20	STATE_DE20
RARS	0.148679	0.53158396	404	20	STATE_DE20
EIF2S2	-0.029409	0.90204394	120	20	STATE_DE20
RABGGTB	-0.180818	0.44552633	169	20	STATE_DE20
FAM72D	0.277832	0.23561093	120	20	STATE_DE20
TAMM41	0.167896	0.47922203	120	20	STATE_DE20
ZNF674	0.107302	0.65251154	126	20	STATE_DE20
CCT6A	-0.171559	0.46954295	131	20	STATE_DE20
TARS	-0.089463	0.70759827	132	20	STATE_DE20
PARN	-0.241836	0.30431092	123	20	STATE_DE20
SETD1A	-0.064606	0.78669506	69	20	STATE_DE20
THOC2	-0.088968	0.7091495	190	20	STATE_DE20
ZNF133	-0.133531	0.5746348	102	20	STATE_DE20
HNRNPC	-0.014856	0.9504345	334	20	STATE_DE20
DRAP1	0.212953	0.36735812	227	20	STATE_DE20
YEATS4	0.202453	0.3919889	231	20	STATE_DE20
DCTN3	0.165842	0.48469186	201	20	STATE_DE20
RRP9	0.090635	0.70393175	110	20	STATE_DE20
EXOSC8	0.029612	0.9013706	126	20	STATE_DE20
METTL17	-0.009708	0.96759695	122	20	STATE_DE20
SLC39A10	0.061875	0.79552466	153	20	STATE_DE20
TBCB	0.26275	0.263054	102	20	STATE_DE20
MRPL53	0.059261	0.8039978	153	20	STATE_DE20
COX15	-0.012035	0.95983577	103	20	STATE_DE20
DNAJC19	-0.06635	0.7810702	398	20	STATE_DE20
WAC	0.056227	0.81386113	162	20	STATE_DE20
LARS2	-0.198539	0.4014001	149	20	STATE_DE20
RPS7	-0.158011	0.5058289	265	20	STATE_DE20
SPATA5	0.210735	0.37248513	70	20	STATE_DE20
CYP4F11	0.500866	0.024481555	120	20	STATE_DE20
DNAJC8	0.379554	0.09882836	277	20	STATE_DE20
PMF1	-0.143418	0.5463633	265	20	STATE_DE20
QARS	-0.116673	0.6242335	400	20	STATE_DE20
MED17	-0.375125	0.10315537	151	20	STATE_DE20
GAR1	-0.222515	0.34571192	146	20	STATE_DE20
NAGLU	-0.185781	0.4329205	265	20	STATE_DE20
KCMF1	0.220857	0.34941077	154	20	STATE_DE20
KRT8	-0.007406	0.9752782	347	20	STATE_DE20
WBP11	0.147697	0.53432786	312	20	STATE_DE20
MCM10	0.259374	0.26946267	219	20	STATE_DE20
CTDP1	-0.04814	0.84027344	117	20	STATE_DE20
PSMD1	-0.062252	0.7943045	281	20	STATE_DE20
PLRG1	-0.135854	0.567934	94	20	STATE_DE20
ACIN1	0.042246	0.8596313	191	20	STATE_DE20
GBF1	-0.365883	0.11262536	161	20	STATE_DE20
MED20	-0.060652	0.7994861	80	20	STATE_DE20
GNPNAT1	-0.050448	0.83271676	112	20	STATE_DE20
LST1	-0.08914	0.7086099	149	20	STATE_DE20
CHAF1B	-0.222761	0.3451663	84	20	STATE_DE20
DERL2	-0.349289	0.13117133	124	20	STATE_DE20
OR4N2	0.071411	0.76480323	118	20	STATE_DE20
KLHL11	0.255571	0.27679637	125	20	STATE_DE20
HAUS3	0.390458	0.08874063	164	20	STATE_DE20
PTCD3	0.293294	0.2094728	65	20	STATE_DE20
RAD9A	-0.38438	0.09426505	41	20	STATE_DE20
C9orf78	0.14984	0.52834666	201	20	STATE_DE20
RPL19	-0.006142	0.9794979	238	20	STATE_DE20
VPS54	-0.053909	0.8214133	321	20	STATE_DE20
WDR12	0.041875	0.86085284	213	20	STATE_DE20
HMGN2	-0.142883	0.54787576	107	20	STATE_DE20
NOP2	0.228757	0.3319934	58	20	STATE_DE20
NCBP1	-0.290946	0.21331187	60	20	STATE_DE20
NAT10	0.295012	0.20669192	30	20	STATE_DE20
DMRTA2	0.205114	0.38566318	107	20	STATE_DE20
MED21	-0.192315	0.41661686	63	20	STATE_DE20
HSF1	-0.013916	0.9535669	131	20	STATE_DE20
DDX51	0.247015	0.29374695	128	20	STATE_DE20
LRR1	-0.041512	0.8620487	122	20	STATE_DE20
OXA1L	-0.032569	0.8915757	344	20	STATE_DE20
PPP1R2	0.176362	0.45700392	80	20	STATE_DE20
CCDC59	0.12623	0.5959057	125	20	STATE_DE20
COG3	-0.223165	0.3442696	56	20	STATE_DE20
NIFK	0.086945	0.7154974	240	20	STATE_DE20
METTL3	0.18718	0.42940095	138	20	STATE_DE20
PSMB5	0.012976	0.95670086	270	20	STATE_DE20
BANF1	-0.14806	0.53331083	162	20	STATE_DE20
CD8B	-0.167237	0.48097286	112	20	STATE_DE20
PELO	0.069328	0.7714874	286	20	STATE_DE20
HAUS4	0.255826	0.276301	189	20	STATE_DE20
FRG2	-0.264221	0.2602925	51	20	STATE_DE20
SART3	0.130029	0.5847958	154	20	STATE_DE20
MVK	0.082565	0.7292994	136	20	STATE_DE20
GLI4	0.229771	0.32979506	156	20	STATE_DE20
EXOSC7	0.112612	0.63642997	113	20	STATE_DE20
ING3	-0.435649	0.054857083	65	20	STATE_DE20
BCAR1	0.136703	0.5654957	246	20	STATE_DE20
WDR54	0.363796	0.114847094	208	20	STATE_DE20
CUL2	-0.039955	0.8671785	94	20	STATE_DE20
RPL32	0.02215	0.9261482	208	20	STATE_DE20
PRELID3B	-0.213539	0.36600822	273	20	STATE_DE20
NCAPG	0.086828	0.7158622	79	20	STATE_DE20
RUVBL1	-0.077138	0.7465113	211	20	STATE_DE20
KIF14	-0.118729	0.6180934	118	20	STATE_DE20
TEX10	0.342181	0.13974126	162	20	STATE_DE20
GTF2E1	-0.506424	0.022694856	181	20	STATE_DE20
CHTF18	-0.043937	0.8540694	97	20	STATE_DE20
RPL30	-0.15777	0.5064878	365	20	STATE_DE20
RCL1	-0.081363	0.73310196	106	20	STATE_DE20
RBBP8	0.026024	0.9132752	117	20	STATE_DE20
MAT2A	-0.068217	0.77505815	52	20	STATE_DE20
SPTSSA	-0.006073	0.97972625	124	20	STATE_DE20
YKT6	0.178384	0.45177612	63	20	STATE_DE20
LRPPRC	-0.073939	0.7567146	110	20	STATE_DE20
DDX54	0.204064	0.3881528	95	20	STATE_DE20
CASP8AP2	-0.063404	0.7905775	211	20	STATE_DE20
KIF4A	-0.105047	0.65938914	129	20	STATE_DE20
TIMELESS	0.404783	0.07666716	64	20	STATE_DE20
E4F1	0.088212	0.7115181	134	20	STATE_DE20
DCTN2	0.217355	0.3572992	126	20	STATE_DE20
MRPL35	0.005076	0.9830545	171	20	STATE_DE20
ZNF24	0.240944	0.3061524	59	20	STATE_DE20
USP9X	-0.033393	0.8888479	112	20	STATE_DE20
RPS17	0.113216	0.63460803	223	20	STATE_DE20
VPS25	-0.141057	0.5530563	84	20	STATE_DE20
PSAT1	0.193547	0.41357973	72	20	STATE_DE20
RPL26L1	-0.266108	0.25677794	148	20	STATE_DE20
CENPW	0.162435	0.4938349	72	20	STATE_DE20
RPL36	0.106403	0.65524966	204	20	STATE_DE20
GTF3C6	-0.17765	0.45366934	243	20	STATE_DE20
SF3B5	0.236217	0.316027	84	20	STATE_DE20
RBMX2	-0.52738	0.016867053	244	20	STATE_DE20
EIF3D	-0.173121	0.46544656	186	20	STATE_DE20
CCT4	-0.042025	0.8603592	251	20	STATE_DE20
EIF3I	-0.360823	0.118067	61	20	STATE_DE20
RNPS1	0.012243	0.9591422	131	20	STATE_DE20
PPIL2	-0.099128	0.67756045	130	20	STATE_DE20
CDC16	0.324183	0.16318561	165	20	STATE_DE20
PHB2	0.388405	0.090579994	415	20	STATE_DE20
CPAMD8	0.240224	0.3076431	233	20	STATE_DE20
OVCA2	-0.405377	0.0761947	76	20	STATE_DE20
DCTN6	-0.258836	0.27049345	64	20	STATE_DE20
PDRG1	0.005025	0.98322594	116	20	STATE_DE20
GINS3	0.070773	0.7668505	100	20	STATE_DE20
RIOK1	0.109625	0.6454571	326	20	STATE_DE20
XAB2	-0.097116	0.683775	153	20	STATE_DE20
EBNA1BP2	0.193313	0.41415557	82	20	STATE_DE20
DHX8	0.089392	0.7078207	115	20	STATE_DE20
TBCD	-0.291539	0.21233836	28	20	STATE_DE20
ETF1	0.158193	0.5053323	52	20	STATE_DE20
RPL4	0.128078	0.5904895	345	20	STATE_DE20
HS6ST1	-0.013517	0.9548951	172	20	STATE_DE20
ORC1	0.017108	0.94292974	530	20	STATE_DE20
EIF5A	-0.167679	0.47979775	140	20	STATE_DE20
SF3B2	-0.080382	0.73620945	500	20	STATE_DE20
TRMT112	0.203962	0.38839495	201	20	STATE_DE20
RTEL1	-0.226792	0.33627817	140	20	STATE_DE20
UNC45A	0.010459	0.9650925	178	20	STATE_DE20
PLEKHN1	-0.081331	0.73320234	104	20	STATE_DE20
INTS1	-0.619163	0.0036026884	211	20	STATE_DE20
ZFP69B	0.500334	0.02465812	151	20	STATE_DE20
MED18	-0.46715	0.037829857	20	20	STATE_DE20
MRPS22	-0.091549	0.70107985	165	20	STATE_DE20
NMD3	0.110904	0.6415853	64	20	STATE_DE20
GINS2	0.278647	0.23418407	148	20	STATE_DE20
ZNF317	0.126671	0.5946124	132	20	STATE_DE20
AARS2	0.000528	0.99823576	181	20	STATE_DE20
MOB4	0.373475	0.104801565	118	20	STATE_DE20
UXT	0.025152	0.91617113	215	20	STATE_DE20
TTC4	-0.390023	0.08912865	108	20	STATE_DE20
USP37	-0.044223	0.85313094	77	20	STATE_DE20
ACTR8	-0.499818	0.024830498	252	20	STATE_DE20
EXOSC2	0.004104	0.98630065	226	20	STATE_DE20
EDC4	0.156452	0.51009107	166	20	STATE_DE20
PSMG1	-0.202527	0.3918138	109	20	STATE_DE20
MRPS2	-0.007212	0.9759253	109	20	STATE_DE20
ESPL1	0.170371	0.47267133	120	20	STATE_DE20
CCDC78	-0.438605	0.053047787	142	20	STATE_DE20
MRPL33	0.024247	0.91917795	150	20	STATE_DE20
CCDC144NL	-0.330015	0.15531063	87	20	STATE_DE20
ZNF100	-0.367296	0.1111381	95	20	STATE_DE20
MIPEP	0.307124	0.18778355	90	20	STATE_DE20
MRPS10	-0.435794	0.0547672	121	20	STATE_DE20
HAUS7	0.138256	0.56104493	239	20	STATE_DE20
TARS2	-0.357926	0.12126652	74	20	STATE_DE20
ALG1L	0.048613	0.8387236	216	20	STATE_DE20
POTEI	-0.176071	0.45775938	126	20	STATE_DE20
ALG13	-0.131245	0.58125794	170	20	STATE_DE20
CPSF3	-0.176144	0.45756978	627	20	STATE_DE20
PCID2	-0.098729	0.6787909	307	20	STATE_DE20
PGS1	0.210219	0.37368524	104	20	STATE_DE20
DDX10	-0.54517	0.012920941	104	20	STATE_DE20
AATF	-0.016455	0.9451046	298	20	STATE_DE20
UROD	-0.080871	0.73465765	201	20	STATE_DE20
ERCC3	-0.382973	0.095579386	163	20	STATE_DE20
CCNK	0.081899	0.73140436	327	20	STATE_DE20
RBM42	0.163103	0.49203578	79	20	STATE_DE20
CWC25	-0.075098	0.7530125	149	20	STATE_DE20
CDC40	0.115343	0.6282176	107	20	STATE_DE20
POLR1A	-0.286214	0.2211923	127	20	STATE_DE20
HECTD1	0.00896	0.97009534	130	20	STATE_DE20
SRF	-0.128435	0.589446	123	20	STATE_DE20
UBAP1	-0.283696	0.22546166	104	20	STATE_DE20
TOP1	-0.266055	0.25687525	123	20	STATE_DE20
SPRTN	-0.055671	0.8156713	139	20	STATE_DE20
RPL23A	-0.229141	0.33115935	99	20	STATE_DE20
PPP1R11	-0.156181	0.51083064	77	20	STATE_DE20
POLR2I	-0.140319	0.555157	223	20	STATE_DE20
NFYB	-0.195169	0.40959993	28	20	STATE_DE20
RPF2	0.207988	0.37889206	68	20	STATE_DE20
RPS15A	-0.029759	0.9008837	314	20	STATE_DE20
SF3B3	-0.272401	0.24527134	381	20	STATE_DE20
SMC2	0.327935	0.15808937	134	20	STATE_DE20
MYC	0.192974	0.41499087	74	20	STATE_DE20
SEC16A	0.273189	0.2438541	153	20	STATE_DE20
SEC61G	-0.143275	0.54676646	98	20	STATE_DE20
NLE1	-0.241234	0.3055517	413	20	STATE_DE20
DHX36	-0.078398	0.74250585	269	20	STATE_DE20
MIS12	0.083397	0.726671	82	20	STATE_DE20
HIST1H2BN	-0.057942	0.8082819	107	20	STATE_DE20
YTHDC1	-0.061417	0.7970078	237	20	STATE_DE20
MARS2	-0.119673	0.6152838	75	20	STATE_DE20
PLA2G10	-0.019138	0.93616956	202	20	STATE_DE20
TRAPPC4	0.156432	0.51014555	196	20	STATE_DE20
SNW1	-0.191624	0.4183253	226	20	STATE_DE20
NUP85	-0.015466	0.9484006	111	20	STATE_DE20
MRPL54	0.117729	0.62107855	142	20	STATE_DE20
WDHD1	-0.309389	0.18438187	182	20	STATE_DE20
PAF1	0.284652	0.2238333	238	20	STATE_DE20
MBTPS1	0.051023	0.83083844	68	20	STATE_DE20
SPTLC1	0.13094	0.58214414	28	20	STATE_DE20
GEMIN8	-0.018257	0.9391028	86	20	STATE_DE20
USP7	0.203604	0.38924506	276	20	STATE_DE20
PSMD12	0.000447	0.9985089	265	20	STATE_DE20
PTPMT1	-0.410504	0.07220445	183	20	STATE_DE20
POLRMT	-0.377756	0.10056855	214	20	STATE_DE20
DCUN1D5	-0.429898	0.058511112	183	20	STATE_DE20
PSMD6	-0.403836	0.077425994	555	20	STATE_DE20
AURKA	-0.106815	0.65399516	58	20	STATE_DE20
NDUFB8	-0.467447	0.037691407	193	20	STATE_DE20
PFDN1	-0.167923	0.47914982	34	20	STATE_DE20
DHX16	-0.496919	0.025816256	328	20	STATE_DE20
LETM1	-0.378352	0.09998915	124	20	STATE_DE20
LRRC37B	-0.064517	0.7869834	109	20	STATE_DE20
NDUFB3	0.294031	0.20827702	141	20	STATE_DE20
PSMB3	0.48684	0.029486662	31	20	STATE_DE20
RANGAP1	-0.124894	0.59983194	130	20	STATE_DE20
URB2	0.15938	0.50210154	198	20	STATE_DE20
UBE2M	-0.02608	0.91309077	177	20	STATE_DE20
MMS22L	-0.090303	0.7049696	57	20	STATE_DE20
BOP1	0.105314	0.65857357	253	20	STATE_DE20
CLTC	0.220459	0.35030267	157	20	STATE_DE20
SMAGP	-0.290978	0.2132601	117	20	STATE_DE20
DDX56	0.193973	0.41253364	174	20	STATE_DE20
MRPL45	-0.080812	0.73484534	179	20	STATE_DE20
NOL8	0.34583	0.13529429	79	20	STATE_DE20
FCF1	0.05754	0.8095885	231	20	STATE_DE20
VARS2	-0.16511	0.48665002	126	20	STATE_DE20
LSM4	-0.399602	0.08088408	84	20	STATE_DE20
NAA10	0.169038	0.4761932	137	20	STATE_DE20
TBC1D28	0.12684	0.5941163	78	20	STATE_DE20
IGBP1	-0.013624	0.95454055	281	20	STATE_DE20
SNRNP27	-0.140351	0.5550657	47	20	STATE_DE20
SRP54	-0.416037	0.06807529	81	20	STATE_DE20
CRCP	-0.31898	0.17043917	160	20	STATE_DE20
ESPN	-0.233254	0.32231322	421	20	STATE_DE20
SMU1	0.153033	0.5194906	155	20	STATE_DE20
TUBE1	0.216682	0.3588254	134	20	STATE_DE20
TBCE	0.01243	0.9585193	129	20	STATE_DE20
TUT1	0.224141	0.34210682	208	20	STATE_DE20
GFM1	-0.410854	0.071937755	240	20	STATE_DE20
ACTR1A	-0.269948	0.24971676	143	20	STATE_DE20
SPDYE2	-0.1891	0.4245978	182	20	STATE_DE20
MANF	0.157342	0.5076546	142	20	STATE_DE20
DNAJA3	0.291922	0.21171087	127	20	STATE_DE20
ACTB	-0.058338	0.80699474	168	20	STATE_DE20
SNRNP25	0.100702	0.6727101	135	20	STATE_DE20
HMGCR	-0.090903	0.70309514	166	20	STATE_DE20
NSL1	0.366756	0.11170468	72	20	STATE_DE20
TMX2	-0.184228	0.43684387	109	20	STATE_DE20
NDUFS3	0.177085	0.45513135	112	20	STATE_DE20
TLN1	0.082861	0.7283637	87	20	STATE_DE20
POLR2E	0.10323	0.6649473	225	20	STATE_DE20
CDC42	-0.211934	0.3697081	70	20	STATE_DE20
PCBP2	0.038156	0.8731114	172	20	STATE_DE20
EIF5	0.302963	0.19414176	175	20	STATE_DE20
OR1E2	0.348811	0.13173561	32	20	STATE_DE20
OR2A1	0.285465	0.22245547	188	20	STATE_DE20
CCT3	0.186941	0.43000254	234	20	STATE_DE20
TAF7	0.364637	0.11394807	94	20	STATE_DE20
MRPL24	0.248738	0.2902838	193	20	STATE_DE20
SNRPD1	-0.225407	0.33931652	146	20	STATE_DE20
PHB	-0.350306	0.12997653	256	20	STATE_DE20
INTS5	-0.08484	0.72211915	64	20	STATE_DE20
AURKAIP1	0.059258	0.8040071	76	20	STATE_DE20
KCTD10	-0.127765	0.5914071	76	20	STATE_DE20
TRAPPC11	-0.310394	0.18288578	110	20	STATE_DE20
URM1	-0.240364	0.30735227	123	20	STATE_DE20
C17orf58	0.176262	0.45726177	58	20	STATE_DE20
EXOC2	0.005501	0.98163766	88	20	STATE_DE20
MRPL43	0.50758	0.02233662	95	20	STATE_DE20
SBNO1	0.113885	0.63259697	183	20	STATE_DE20
PDCD6	-0.161365	0.496722	203	20	STATE_DE20
PRMT1	-0.1634	0.4912358	58	20	STATE_DE20
CHCHD2	-0.243329	0.30124146	90	20	STATE_DE20
JAZF1	-0.34008	0.14234817	209	20	STATE_DE20
CAP1	0.299669	0.19927834	26	20	STATE_DE20
DRG1	0.183719	0.43813443	196	20	STATE_DE20
HYPK	0.363715	0.11493442	121	20	STATE_DE20
MRPL14	-0.213201	0.36678538	211	20	STATE_DE20
ATP6V1E1	-0.135191	0.5698418	188	20	STATE_DE20
SLC35G6	0.201426	0.3944465	163	20	STATE_DE20
MCL1	-0.249762	0.28823686	86	20	STATE_DE20
CIAPIN1	0.015269	0.9490556	151	20	STATE_DE20
SOD2	-0.134006	0.5732597	198	20	STATE_DE20
ALYREF	0.074642	0.75447047	319	20	STATE_DE20
PEX1	0.289796	0.2152109	53	20	STATE_DE20
YJEFN3	-0.406166	0.07557011	179	20	STATE_DE20
MED22	0.20398	0.3883522	289	20	STATE_DE20
ANKRD49	0.208387	0.3779587	144	20	STATE_DE20
HMGB1	0.192447	0.41629073	241	20	STATE_DE20
RFC3	0.224611	0.34106854	229	20	STATE_DE20
CDC7	-0.045258	0.8497283	95	20	STATE_DE20
ATF5	0.237267	0.313816	141	20	STATE_DE20
DICER1	-0.01849	0.93832844	158	20	STATE_DE20
CHMP2A	-0.006449	0.9784714	93	20	STATE_DE20
MRPS26	0.223806	0.34284824	120	20	STATE_DE20
RCC1	-0.027594	0.9080638	226	20	STATE_DE20
CDCA5	-0.412054	0.07102914	61	20	STATE_DE20
HMGA1	0.15037	0.52687114	114	20	STATE_DE20
PFN1	-0.434287	0.05570663	259	20	STATE_DE20
NEDD1	-0.20557	0.38458386	142	20	STATE_DE20
HIST1H2BL	-0.066188	0.7815908	204	20	STATE_DE20
COPS6	0.175033	0.4604566	235	20	STATE_DE20
SEPHS2	-0.037172	0.87635887	158	20	STATE_DE20
DCTN4	0.207899	0.37910247	77	20	STATE_DE20
COX7C	0.1003	0.67394704	165	20	STATE_DE20
DDX5	0.087328	0.7142936	151	20	STATE_DE20
THG1L	0.094473	0.6919719	43	20	STATE_DE20
TIMM13	0.024236	0.91921437	178	20	STATE_DE20
CYC1	0.080028	0.7373308	98	20	STATE_DE20
WDR92	0.277252	0.2366312	66	20	STATE_DE20
PSMG3	0.247728	0.29231042	439	20	STATE_DE20
RRS1	0.124479	0.6010562	72	20	STATE_DE20
PSMG2	-0.075305	0.75235415	164	20	STATE_DE20
TERF2	0.301939	0.19572881	50	20	STATE_DE20
PRMT5	0.122479	0.60696083	127	20	STATE_DE20
NDUFA6	0.189072	0.4246662	169	20	STATE_DE20
TGS1	-0.11728	0.62241924	161	20	STATE_DE20
TP53RK	0.223526	0.34346777	88	20	STATE_DE20
RPUSD4	0.003764	0.9874344	126	20	STATE_DE20
SPATA5L1	0.064483	0.7870927	150	20	STATE_DE20
AKIRIN2	-0.224241	0.34188554	169	20	STATE_DE20
MRPL22	-0.026505	0.9116794	96	20	STATE_DE20
EIF2S1	-0.324499	0.16275185	243	20	STATE_DE20
EEF2	0.098148	0.6805835	321	20	STATE_DE20
MNAT1	0.216636	0.35893187	85	20	STATE_DE20
LARS	-0.11341	0.6340248	100	20	STATE_DE20
CUL1	0.147107	0.5359807	223	20	STATE_DE20
VPS13D	-0.142528	0.54888207	140	20	STATE_DE20
E2F6	0.112986	0.63530093	150	20	STATE_DE20
EXOSC4	-0.012759	0.95742226	102	20	STATE_DE20
GMPPB	-0.156198	0.5107852	164	20	STATE_DE20
RRP1	0.259703	0.2688335	109	20	STATE_DE20
MRPS31	0.264385	0.25998634	107	20	STATE_DE20
POLR3E	-0.165782	0.48485172	221	20	STATE_DE20
KRI1	0.195224	0.40946633	52	20	STATE_DE20
RNF20	0.272828	0.24450281	124	20	STATE_DE20
ZNF335	-0.093404	0.6952974	146	20	STATE_DE20
NOC3L	-0.043269	0.8562652	83	20	STATE_DE20
GPN3	-0.252177	0.28344563	276	20	STATE_DE20
NDC1	0.138295	0.56093407	39	20	STATE_DE20
TPX2	0.081597	0.73236054	361	20	STATE_DE20
NSF	0.153139	0.5191986	165	20	STATE_DE20
NUP62	0.27744	0.23630014	99	20	STATE_DE20
RPL13A	-0.18838	0.42639613	158	20	STATE_DE20
SNAPC5	0.321734	0.16657294	102	20	STATE_DE20
BANP	0.224426	0.34147793	110	20	STATE_DE20
AAMP	-0.202634	0.3915571	99	20	STATE_DE20
GPKOW	0.192535	0.4160733	107	20	STATE_DE20
CHMP3	-0.057803	0.8087348	130	20	STATE_DE20
USP5	-0.135547	0.56881756	199	20	STATE_DE20
POLR2F	-0.08087	0.73466253	337	20	STATE_DE20
ORC3	-0.044852	0.8510628	181	20	STATE_DE20
TXNL4B	0.250611	0.28654662	135	20	STATE_DE20
PPP1CA	0.08039	0.73618335	248	20	STATE_DE20
HIST2H2BF	-0.134191	0.57272655	127	20	STATE_DE20
KANSL1	0.308566	0.18561208	51	20	STATE_DE20
NUDT21	-0.007435	0.9751814	67	20	STATE_DE20
MCM6	0.071013	0.7660806	102	20	STATE_DE20
MRPL27	0.129845	0.5853324	102	20	STATE_DE20
OTX1	0.073204	0.7590635	108	20	STATE_DE20
USP36	0.030702	0.8977586	174	20	STATE_DE20
NARS	-0.416036	0.06807599	172	20	STATE_DE20
PTBP1	0.3206	0.16815762	152	20	STATE_DE20
UBTF	-0.437239	0.053878427	202	20	STATE_DE20
TAF8	0.2069	0.38144717	110	20	STATE_DE20
MRPL3	0.332332	0.15225692	175	20	STATE_DE20
THOC1	0.136211	0.5669089	38	20	STATE_DE20
RPL8	0.063871	0.7890676	384	20	STATE_DE20
ATRIP	0.147784	0.5340844	184	20	STATE_DE20
PAFAH1B1	-0.064257	0.7878226	126	20	STATE_DE20
FASTKD5	0.037328	0.8758441	187	20	STATE_DE20
ATL2	-0.155196	0.5135333	120	20	STATE_DE20
NCAPG2	-0.311718	0.18092757	84	20	STATE_DE20
RBM8A	-0.290162	0.21460502	39	20	STATE_DE20
FAM32A	-0.281084	0.22994655	396	20	STATE_DE20
RNGTT	0.207563	0.37988937	115	20	STATE_DE20
PPARGC1B	0.114303	0.6313387	142	20	STATE_DE20
NUP107	0.020621	0.931234	316	20	STATE_DE20
MLST8	0.252285	0.28323278	78	20	STATE_DE20
C19orf25	-0.169201	0.47576278	189	20	STATE_DE20
POLR3D	0.051119	0.83052474	118	20	STATE_DE20
WDR55	0.286793	0.22021809	97	20	STATE_DE20
CMTR1	0.122845	0.60587823	145	20	STATE_DE20
SYF2	-0.138873	0.5592813	86	20	STATE_DE20
SRRT	-0.008596	0.97130764	307	20	STATE_DE20
SNRPF	-0.337124	0.14607371	130	20	STATE_DE20
CCNB1	0.007191	0.97599775	158	20	STATE_DE20
PWP1	-0.212937	0.36739436	69	20	STATE_DE20
CEP192	-0.162193	0.49448836	202	20	STATE_DE20
MED31	0.130135	0.5844868	38	20	STATE_DE20
ELP6	-0.362155	0.11661608	83	20	STATE_DE20
TOR2A	0.295063	0.20660934	48	20	STATE_DE20
WDR74	0.07913	0.7401802	178	20	STATE_DE20
OSTC	-0.333305	0.15098716	235	20	STATE_DE20
TRAPPC8	-0.207044	0.38110873	152	20	STATE_DE20
GPS1	0.14624	0.53841096	431	20	STATE_DE20
AURKB	0.113641	0.6333299	33	20	STATE_DE20
RPL26	0.064077	0.7884044	209	20	STATE_DE20
ACD	-0.152833	0.5200455	77	20	STATE_DE20
DKC1	0.117108	0.6229319	66	20	STATE_DE20
SF3B1	0.013503	0.9549439	165	20	STATE_DE20
CSTF1	0.155786	0.51191527	141	20	STATE_DE20
CDC6	-0.290511	0.21402895	192	20	STATE_DE20
PPAN	0.005841	0.9805013	103	20	STATE_DE20
CTBP2	0.436218	0.05450544	110	20	STATE_DE20
TSR1	0.337233	0.1459361	188	20	STATE_DE20
CSNK2B	0.051682	0.8286837	128	20	STATE_DE20
MRPL4	0.049537	0.8356998	125	20	STATE_DE20
DPAGT1	0.252423	0.28296146	135	20	STATE_DE20
DDB1	0.186004	0.43235844	177	20	STATE_DE20
MCM3AP	-0.207788	0.37936187	105	20	STATE_DE20
DDX24	0.237836	0.31262422	286	20	STATE_DE20
SIGLEC14	-0.328703	0.15705945	97	20	STATE_DE20
COPZ1	-0.001731	0.9942207	207	20	STATE_DE20
TAF1C	0.150163	0.5274483	134	20	STATE_DE20
SLBP	-0.123641	0.6035265	83	20	STATE_DE20
TRMT5	-0.208487	0.3777238	94	20	STATE_DE20
RPAIN	-0.167136	0.48124343	108	20	STATE_DE20
ABHD17A	0.185611	0.43334752	95	20	STATE_DE20
VMP1	-0.090665	0.7038386	106	20	STATE_DE20
WDR46	0.163184	0.49181736	71	20	STATE_DE20
ATR	-0.379431	0.098946504	141	20	STATE_DE20
POLR2C	-0.047347	0.84287447	185	20	STATE_DE20
LPA	-0.171932	0.46856204	119	20	STATE_DE20
GGPS1	0.099928	0.67509335	167	20	STATE_DE20
CHCHD1	0.118371	0.61916196	84	20	STATE_DE20
VPS18	-0.049799	0.8348406	157	20	STATE_DE20
HIST1H2BJ	-0.324409	0.16287525	43	20	STATE_DE20
MRPS27	-0.092053	0.69950545	81	20	STATE_DE20
PDCD5	-0.300372	0.19817352	194	20	STATE_DE20
RBM39	-0.359219	0.119830735	79	20	STATE_DE20
IPO11	-0.176064	0.45777577	72	20	STATE_DE20
NUS1	0.057298	0.81037647	125	20	STATE_DE20
CCDC174	-0.210627	0.37273532	104	20	STATE_DE20
MED30	0.062095	0.7948115	288	20	STATE_DE20
ARPC2	-0.034319	0.88578624	227	20	STATE_DE20
GOLT1B	-0.101786	0.66937655	279	20	STATE_DE20
HSPA8	0.209479	0.3754079	255	20	STATE_DE20
MYBBP1A	0.259851	0.26855153	109	20	STATE_DE20
TRMT6	-0.042942	0.8573411	114	20	STATE_DE20
POLR1C	0.116237	0.62553793	187	20	STATE_DE20
SURF6	0.167097	0.48134688	130	20	STATE_DE20
RBM17	0.071912	0.7632003	76	20	STATE_DE20
NUBP1	-0.021494	0.9283327	152	20	STATE_DE20
CCDC130	0.217878	0.3561149	113	20	STATE_DE20
RPL27A	0.021512	0.9282709	202	20	STATE_DE20
NEDD8	0.060905	0.7986678	197	20	STATE_DE20
SRSF6	-0.14245	0.54910296	231	20	STATE_DE20
HEATR1	0.31449	0.17687292	234	20	STATE_DE20
HYOU1	-0.465781	0.03847153	37	20	STATE_DE20
KAT5	0.063865	0.78908765	118	20	STATE_DE20
HIST2H2AA3	0.227387	0.33497667	67	20	STATE_DE20
PRPF4B	-0.338061	0.14488587	208	20	STATE_DE20
AQP7	0.404362	0.07700356	108	20	STATE_DE20
POLR3H	-0.047617	0.84199035	109	20	STATE_DE20
POLR1E	0.174037	0.46305084	209	20	STATE_DE20
ATP6V0D1	-0.045312	0.84955215	101	20	STATE_DE20
ZMAT5	0.372798	0.10548304	100	20	STATE_DE20
UTP20	0.052244	0.82684577	105	20	STATE_DE20
TOP3A	0.093075	0.6963217	159	20	STATE_DE20
TUBB	-0.032916	0.8904267	107	20	STATE_DE20
SUPV3L1	0.239221	0.3097292	80	20	STATE_DE20
MRPS24	-0.017432	0.9418498	145	20	STATE_DE20
RAC3	0.157433	0.5074062	220	20	STATE_DE20
MAD2L2	-0.054271	0.82023066	200	20	STATE_DE20
MEX3A	0.245134	0.29755783	171	20	STATE_DE20
LUC7L3	0.16041	0.49930814	45	20	STATE_DE20
TMA16	0.235847	0.31680745	172	20	STATE_DE20
TUBGCP3	0.175617	0.45893815	30	20	STATE_DE20
DDX18	0.282051	0.22827907	137	20	STATE_DE20
DCLRE1B	0.418326	0.06641999	117	20	STATE_DE20
SLC39A7	-0.305083	0.19088374	131	20	STATE_DE20
EIF3CL	0.090225	0.7052145	44	20	STATE_DE20
VEZT	-0.28025	0.23139098	204	20	STATE_DE20
GOLGA6L1	-0.220978	0.34914088	197	20	STATE_DE20
ADSL	-0.207573	0.37986502	133	20	STATE_DE20
NAA20	-0.187417	0.4288061	182	20	STATE_DE20
EIF2B3	0.0803	0.73646826	104	20	STATE_DE20
COPS2	-0.290026	0.21482977	47	20	STATE_DE20
RBM4	0.236042	0.31639493	221	20	STATE_DE20
PSMB6	0.021449	0.9284822	200	20	STATE_DE20
GTF2H2C	-0.302058	0.19554436	126	20	STATE_DE20
KAT8	-0.019599	0.9346348	287	20	STATE_DE20
SRSF10	0.019605	0.9346174	133	20	STATE_DE20
STIL	0.129433	0.586532	171	20	STATE_DE20
KANSL2	-0.164825	0.4874131	158	20	STATE_DE20
MSRB1	-0.275449	0.23981954	205	20	STATE_DE20
EXOC3	-0.17096	0.4711187	247	20	STATE_DE20
NPLOC4	-0.118556	0.61861	60	20	STATE_DE20
INTS2	-0.204035	0.3882205	354	20	STATE_DE20
GTF3A	0.333268	0.15103558	88	20	STATE_DE20
PGAM1	-0.063942	0.7888377	160	20	STATE_DE20
GTF3C1	0.13303	0.5760813	160	20	STATE_DE20
C14orf178	-0.065881	0.7825823	143	20	STATE_DE20
SLC9B1	0.022418	0.9252575	74	20	STATE_DE20
RPAP2	0.070761	0.76688755	398	20	STATE_DE20
NDOR1	0.106207	0.6558492	42	20	STATE_DE20
RPS25	-0.194672	0.41081786	40	20	STATE_DE20
POLR2L	-0.317166	0.17301823	62	20	STATE_DE20
COPS8	0.238934	0.31032863	224	20	STATE_DE20
BRCA2	0.14632	0.5381884	147	20	STATE_DE20
SRFBP1	0.346661	0.13429496	76	20	STATE_DE20
C6orf15	0.028557	0.9048697	164	20	STATE_DE20
BCS1L	0.141343	0.5522433	70	20	STATE_DE20
PUF60	-0.239629	0.30888045	89	20	STATE_DE20
ACTR3	0.310651	0.18250452	118	20	STATE_DE20
DDX27	-0.042975	0.8572344	49	20	STATE_DE20
PNKP	-0.410468	0.072232	185	20	STATE_DE20
COQ5	-0.26344	0.26175636	113	20	STATE_DE20
ARHGAP11B	0.126864	0.59404397	212	20	STATE_DE20
RGP1	0.029279	0.9024775	130	20	STATE_DE20
PXN	0.073472	0.7582081	161	20	STATE_DE20
RPS23	-0.260898	0.26655814	114	20	STATE_DE20
NOMO3	0.399858	0.08067105	191	20	STATE_DE20
KIN	-0.085649	0.71957225	160	20	STATE_DE20
TM7SF2	-0.142411	0.54921377	100	20	STATE_DE20
PNN	-0.228114	0.33339208	86	20	STATE_DE20
SMUG1	0.24012	0.30785882	71	20	STATE_DE20
RFC2	-0.208966	0.37660354	97	20	STATE_DE20
YARS	-0.191862	0.41773722	185	20	STATE_DE20
PPIA	-0.007431	0.97519696	158	20	STATE_DE20
TTI1	-0.253975	0.27991214	151	20	STATE_DE20
NRF1	0.083396	0.7266736	71	20	STATE_DE20
SNUPN	-0.084668	0.72266275	139	20	STATE_DE20
SCFD1	-0.267241	0.25468096	152	20	STATE_DE20
RPLP1	0.26029	0.2677152	117	20	STATE_DE20
MDN1	-0.107631	0.65151024	84	20	STATE_DE20
LURAP1	-0.14005	0.555921	71	20	STATE_DE20
RPL6	0.071891	0.76326483	273	20	STATE_DE20
IMP3	0.069193	0.77192014	27	20	STATE_DE20
CHERP	0.229907	0.3295017	67	20	STATE_DE20
RNASEH2C	-0.094507	0.6918652	102	20	STATE_DE20
ALG1	0.195592	0.40856743	69	20	STATE_DE20
BUB1B	0.448675	0.047224108	141	20	STATE_DE20
SMG1	0.12555	0.597902	35	20	STATE_DE20
SRRM1	-0.078356	0.7426396	180	20	STATE_DE20
TMEM127	-0.136476	0.56614614	132	20	STATE_DE20
POLR3F	0.187555	0.42845964	165	20	STATE_DE20
CD3EAP	-0.009155	0.96944463	88	20	STATE_DE20
NUP93	-0.023792	0.9206915	159	20	STATE_DE20
MED11	-0.341854	0.14014566	237	20	STATE_DE20
SPDL1	-0.036876	0.8773354	88	20	STATE_DE20
ISCA2	-0.027673	0.9078024	232	20	STATE_DE20
ANAPC13	0.269413	0.25069216	112	20	STATE_DE20
TWF1	0.473914	0.03477956	140	20	STATE_DE20
MRPL50	-0.20552	0.38470134	171	20	STATE_DE20
NUBP2	-0.231017	0.32710627	153	20	STATE_DE20
RPP14	0.25524	0.2774402	56	20	STATE_DE20
ADAT3	0.264823	0.25916737	125	20	STATE_DE20
SS18L2	-0.083831	0.7252999	144	20	STATE_DE20
SEC61B	-0.1087	0.64826226	84	20	STATE_DE20
SMARCB1	0.009809	0.9672605	182	20	STATE_DE20
ACTR10	0.30706	0.18787977	116	20	STATE_DE20
DCTN1	0.174249	0.46249896	197	20	STATE_DE20
YBX1	0.205035	0.38584974	86	20	STATE_DE20
DNM1	-0.019968	0.9334097	146	20	STATE_DE20
RPL9	-0.218549	0.35459754	242	20	STATE_DE20
IPO9	0.213225	0.36672997	187	20	STATE_DE20
DBF4	-0.088557	0.7104372	131	20	STATE_DE20
INTS6	0.244502	0.29884478	146	20	STATE_DE20
METAP1	0.049718	0.83510786	102	20	STATE_DE20
RPL36A	-0.248806	0.29014677	84	20	STATE_DE20
PPRC1	0.328531	0.15728883	122	20	STATE_DE20
PRPF8	-0.107242	0.6526951	150	20	STATE_DE20
STX18	-0.219527	0.35239485	86	20	STATE_DE20
FNBP4	-0.11097	0.64138705	160	20	STATE_DE20
EXOSC6	0.00583	0.98053783	75	20	STATE_DE20
TBP	-0.031265	0.89589536	151	20	STATE_DE20
UBE2L3	-0.14306	0.5473768	201	20	STATE_DE20
HSPE1	-0.226612	0.33667037	29	20	STATE_DE20
CDCA8	0.27369	0.24295603	82	20	STATE_DE20
ECD	0.040563	0.865173	72	20	STATE_DE20
NOP9	-0.009258	0.969101	78	20	STATE_DE20
ERVW-1	0.355812	0.1236399	175	20	STATE_DE20
TFDP1	-0.101506	0.6702369	163	20	STATE_DE20
WBP1L	0.284972	0.2232918	199	20	STATE_DE20
RPL10	-0.122753	0.6061492	276	20	STATE_DE20
PTMA	-0.098778	0.67864084	152	20	STATE_DE20
SNF8	0.085555	0.7198687	132	20	STATE_DE20
DPM2	-0.295777	0.20546192	153	20	STATE_DE20
HJURP	-0.188538	0.4259995	111	20	STATE_DE20
TFRC	0.186394	0.43137655	57	20	STATE_DE20
AP2S1	0.059592	0.8029231	123	20	STATE_DE20
GNL2	0.393448	0.08611239	351	20	STATE_DE20
RPN2	-0.50879	0.021966545	105	20	STATE_DE20
EIF4A3	0.094666	0.6913723	7	20	STATE_DE20
CHMP5	0.151878	0.52268595	110	20	STATE_DE20
ABCF1	-0.250164	0.28743616	329	20	STATE_DE20
RBBP4	-0.145068	0.5417087	90	20	STATE_DE20
NCAPD2	-0.215846	0.36072877	48	20	STATE_DE20
TEN1	0.221168	0.34871575	86	20	STATE_DE20
TSEN2	-0.262568	0.2633984	177	20	STATE_DE20
PIAS4	-0.018123	0.93954927	206	20	STATE_DE20
PEF1	0.139174	0.5584216	48	20	STATE_DE20
ANKLE2	-0.081524	0.7325918	126	20	STATE_DE20
CPOX	0.211983	0.3695943	101	20	STATE_DE20
NDUFB10	0.233814	0.32111895	154	20	STATE_DE20
WNK1	-0.080407	0.7361289	137	20	STATE_DE20
AQR	-0.252317	0.2831709	90	20	STATE_DE20
UBA1	-0.134761	0.5710813	287	20	STATE_DE20
RFC1	0.036866	0.8773689	149	20	STATE_DE20
RPS9	0.234106	0.3204977	276	20	STATE_DE20
MRPS11	-0.30144	0.19650635	95	20	STATE_DE20
TNNT2	-0.092526	0.69803226	28	20	STATE_DE20
BYSL	0.392308	0.08710792	98	20	STATE_DE20
ZCRB1	0.096437	0.6858775	146	20	STATE_DE20
TMSB10	0.108963	0.64746594	228	20	STATE_DE20
GNL3L	-0.242572	0.30279526	69	20	STATE_DE20
ESF1	0.338158	0.14476335	149	20	STATE_DE20
CNOT2	0.200673	0.39625347	84	20	STATE_DE20
VPS51	-0.101911	0.66899395	101	20	STATE_DE20
ANAPC5	-0.173945	0.46329322	40	20	STATE_DE20
TNPO3	-0.186736	0.43051654	100	20	STATE_DE20
NUP160	-0.078453	0.7423312	291	20	STATE_DE20
GTF2B	-0.295159	0.2064544	35	20	STATE_DE20
ABT1	0.357036	0.122261174	107	20	STATE_DE20
CCT7	-0.495532	0.026298666	152	20	STATE_DE20
RPS4X	-0.061363	0.7971835	180	20	STATE_DE20
DPY19L2	-0.330398	0.15480272	50	20	STATE_DE20
EIF2B1	-0.025424	0.9152696	178	20	STATE_DE20
RPL38	0.111012	0.6412602	184	20	STATE_DE20
CDC23	0.111496	0.6397973	177	20	STATE_DE20
MMGT1	0.339766	0.14274068	183	20	STATE_DE20
DTL	-0.251605	0.2845768	136	20	STATE_DE20
PLK4	0.187097	0.4296086	32	20	STATE_DE20
DBR1	0.330453	0.1547306	98	20	STATE_DE20
RPL23	0.237548	0.31322777	398	20	STATE_DE20
TFAM	0.005924	0.9802232	82	20	STATE_DE20
SSBP1	-0.100768	0.67250764	119	20	STATE_DE20
MRPS35	-0.112022	0.63820934	201	20	STATE_DE20
ALG14	-0.390341	0.088845365	183	20	STATE_DE20
RPAP1	-0.355455	0.12404315	91	20	STATE_DE20
PPME1	0.371418	0.106881104	222	20	STATE_DE20
CINP	0.124848	0.59996814	78	20	STATE_DE20
NCL	0.09624	0.6864877	298	20	STATE_DE20
RPL15	0.174352	0.4622313	168	20	STATE_DE20
WDR77	0.351601	0.12846485	42	20	STATE_DE20
CTU2	0.180338	0.44675317	114	20	STATE_DE20
DDX1	0.282563	0.2273997	101	20	STATE_DE20
LSM3	0.07522	0.75262535	74	20	STATE_DE20
ZNF559	0.078408	0.74247515	111	20	STATE_DE20
TIMM22	-0.226105	0.3377816	78	20	STATE_DE20
GLMN	-0.227684	0.33432847	79	20	STATE_DE20
MFN2	0.196848	0.4055052	135	20	STATE_DE20
RPL39	-0.097399	0.682902	37	20	STATE_DE20
DPPA2	0.195268	0.40935874	67	20	STATE_DE20
NDUFAB1	-0.166339	0.48336506	160	20	STATE_DE20
ERAL1	-0.070225	0.7686073	116	20	STATE_DE20
HAUS1	0.235342	0.31787455	53	20	STATE_DE20
HDAC3	0.128388	0.589584	60	20	STATE_DE20
U2AF2	0.093081	0.6963024	107	20	STATE_DE20
PPP1R15B	-0.090526	0.7042742	135	20	STATE_DE20
NSA2	0.304093	0.19240162	114	20	STATE_DE20
PGK1	-0.286528	0.22066362	33	20	STATE_DE20
RMI1	-0.030297	0.8991021	203	20	STATE_DE20
CCP110	-0.099534	0.67630756	47	20	STATE_DE20
SRRM2	-0.002811	0.9906171	173	20	STATE_DE20
CTR9	-0.105716	0.6573469	212	20	STATE_DE20
PRKRA	-0.069243	0.77176046	78	20	STATE_DE20
LCE1C	-0.233598	0.3215788	157	20	STATE_DE20
C12orf60	0.168994	0.4763093	110	20	STATE_DE20
PSMD9	0.197448	0.4040451	94	20	STATE_DE20
DLD	0.017484	0.9416787	311	20	STATE_DE20
RPL28	-0.126354	0.59554106	50	20	STATE_DE20
POLR2A	0.167758	0.4795884	410	20	STATE_DE20
DAP3	-0.268956	0.25152853	162	20	STATE_DE20
NDUFA2	-0.058758	0.8056318	187	20	STATE_DE20
SETDB1	-0.111277	0.64045924	124	20	STATE_DE20
CBX1	-0.013397	0.9552959	151	20	STATE_DE20
RPL37A	0.135878	0.56786644	386	20	STATE_DE20
RBM28	0.224908	0.3404137	68	20	STATE_DE20
ELP3	-0.049891	0.83454174	119	20	STATE_DE20
INTS3	0.149301	0.52984834	106	20	STATE_DE20
EIF6	-0.239451	0.30925128	129	20	STATE_DE20
SMC3	-0.179084	0.44997528	54	20	STATE_DE20
MT2A	0.122019	0.6083209	112	20	STATE_DE20
GTF3C4	0.047048	0.84385574	129	20	STATE_DE20
BRD4	-0.063062	0.79168206	116	20	STATE_DE20
SNRPA1	-0.081922	0.7313323	159	20	STATE_DE20
SF3A3	-0.391182	0.08809958	25	20	STATE_DE20
INO80B	0.215826	0.36077496	116	20	STATE_DE20
TMEM199	-0.079566	0.738798	99	20	STATE_DE20
SRP19	-0.208909	0.37673834	124	20	STATE_DE20
CDC45	-0.225324	0.33949906	92	20	STATE_DE20
BRIP1	0.084765	0.7223569	132	20	STATE_DE20
GSDMA	0.316878	0.1734303	110	20	STATE_DE20
FAM207A	0.24612	0.29555556	103	20	STATE_DE20
ATP6V1B2	-0.07015	0.7688487	442	20	STATE_DE20
TADA2A	0.16017	0.49995834	39	20	STATE_DE20
PSMA4	-0.411479	0.07146342	388	20	STATE_DE20
PSMB1	-0.368346	0.11004291	143	20	STATE_DE20
NBPF15	-0.347593	0.1331809	62	20	STATE_DE20
RPN1	0.260545	0.26722866	52	20	STATE_DE20
CCDC115	-0.34443	0.13698904	211	20	STATE_DE20
RPE	0.068528	0.7740584	118	20	STATE_DE20
GINS4	-0.279333	0.23298545	60	20	STATE_DE20
VARS	-0.122879	0.6057785	220	20	STATE_DE20
FTSJ3	-0.233127	0.3225842	207	20	STATE_DE20
WDR82	0.231736	0.32556227	99	20	STATE_DE20
USPL1	0.148651	0.53165984	100	20	STATE_DE20
POLR3C	0.157674	0.5067477	175	20	STATE_DE20
SUPT16H	0.234874	0.31886643	93	20	STATE_DE20
SEC63	-0.373154	0.105124034	78	20	STATE_DE20
MARS	-0.003786	0.98736036	89	20	STATE_DE20
CARS	0.063975	0.7887314	19	20	STATE_DE20
UBA3	0.064953	0.7855737	95	20	STATE_DE20
SF3B4	0.190059	0.42220822	238	20	STATE_DE20
IMPDH2	-0.038829	0.87088937	77	20	STATE_DE20
MED28	0.04671	0.84496313	73	20	STATE_DE20
GEMIN4	-0.076331	0.749082	81	20	STATE_DE20
EIF2S3	-0.03776	0.87441754	57	20	STATE_DE20
DHX37	0.418745	0.06612037	217	20	STATE_DE20
STRAP	0.16661	0.48264453	106	20	STATE_DE20
MTG2	0.293879	0.20852327	146	20	STATE_DE20
TIMM10	0.145911	0.53933597	54	20	STATE_DE20
MVD	-0.220555	0.35008845	104	20	STATE_DE20
RPLP0	0.184499	0.43615735	184	20	STATE_DE20
CDC73	0.304547	0.19170533	171	20	STATE_DE20
UBQLN4	0.027245	0.90922457	152	20	STATE_DE20
XRCC1	-0.154861	0.51445484	254	20	STATE_DE20
TANGO6	0.05513	0.8174308	95	20	STATE_DE20
SAP18	0.175079	0.4603359	57	20	STATE_DE20
H3F3A	-0.118934	0.6174843	237	20	STATE_DE20
SMC1A	-0.283348	0.22605507	180	20	STATE_DE20
RPP38	0.212177	0.36914623	56	20	STATE_DE20
DHX15	-0.141643	0.55139256	359	20	STATE_DE20
GNL3	0.344211	0.13725485	38	20	STATE_DE20
PIK3C3	0.388515	0.09048063	115	20	STATE_DE20
WDR26	0.402746	0.078305006	226	20	STATE_DE20
RNF103	0.160079	0.5002037	111	20	STATE_DE20
FGFR1OP	-0.32518	0.16181996	119	20	STATE_DE20
NDC80	0.146306	0.53822756	214	20	STATE_DE20
ORC4	0.414736	0.06902957	95	20	STATE_DE20
THOC3	0.10745	0.6520607	147	20	STATE_DE20
TUBA1C	-0.038279	0.8727051	51	20	STATE_DE20
TTC27	0.243273	0.30135578	89	20	STATE_DE20
QRSL1	-0.330022	0.15530209	126	20	STATE_DE20
LYRM4	-0.019161	0.93609536	70	20	STATE_DE20
ZNHIT3	-0.164208	0.48906547	72	20	STATE_DE20
WDR18	-0.040573	0.86514	105	20	STATE_DE20
RBM25	0.091299	0.7018602	70	20	STATE_DE20
PFDN5	-0.284832	0.22352879	110	20	STATE_DE20
WARS	-0.196002	0.40756547	76	20	STATE_DE20
SRCAP	-0.198411	0.40170997	194	20	STATE_DE20
GABPA	-0.230582	0.32804376	110	20	STATE_DE20
RPS12	-0.120148	0.6138724	485	20	STATE_DE20
SNRNP35	0.041493	0.8621092	168	20	STATE_DE20
NUP153	0.117064	0.62306273	86	20	STATE_DE20
CDC123	-0.198417	0.40169555	112	20	STATE_DE20
MMS19	-0.108564	0.648677	129	20	STATE_DE20
WDR3	0.051729	0.82852864	365	20	STATE_DE20
WDR43	0.301464	0.19646771	86	20	STATE_DE20
RPL35A	-0.116048	0.6261042	137	20	STATE_DE20
CYFIP1	0.011371	0.96205	111	20	STATE_DE20
RPS18	0.092897	0.69687563	122	20	STATE_DE20
BRK1	0.29816	0.20166123	180	20	STATE_DE20
UFM1	-0.266046	0.25689206	130	20	STATE_DE20
EXOC4	-0.011579	0.96135795	108	20	STATE_DE20
GATA1	-0.035043	0.88339293	108	20	STATE_DE20
KIF20A	-0.033659	0.8879675	96	20	STATE_DE20
EXOC8	-0.584688	0.006777004	18	20	STATE_DE20
EIF2B4	-0.111374	0.64016676	324	20	STATE_DE20
PTK2	0.140688	0.5541059	144	20	STATE_DE20
OR2T5	-0.264503	0.25976485	106	20	STATE_DE20
UTP23	0.025745	0.91420305	163	20	STATE_DE20
C1D	-0.029216	0.90268546	160	20	STATE_DE20
ARMC7	-0.297296	0.20303264	110	20	STATE_DE20
EMC4	0.185797	0.43287963	55	20	STATE_DE20
RPS10-NUDT3	0.059069	0.8046216	164	20	STATE_DE20
UBA5	-0.086003	0.71845853	102	20	STATE_DE20
EXOSC3	-0.027153	0.9095285	53	20	STATE_DE20
CRLS1	-0.076601	0.74822116	111	20	STATE_DE20
USP19	0.24175	0.30448762	65	20	STATE_DE20
SNAPC4	-0.153698	0.5176556	104	20	STATE_DE20
NR2C2AP	0.100476	0.67340577	86	20	STATE_DE20
CENPK	0.094394	0.692219	97	20	STATE_DE20
RHOQ	0.406478	0.07532393	185	20	STATE_DE20
ACTR6	-0.289173	0.21624336	108	20	STATE_DE20
ATP6V0C	-0.114208	0.63162464	53	20	STATE_DE20
GTF2F1	-0.172612	0.46677938	41	20	STATE_DE20
NUTF2	0.047205	0.8433397	67	20	STATE_DE20
LSM10	-0.038712	0.8712751	135	20	STATE_DE20
MICOS10	-0.324916	0.16218044	87	20	STATE_DE20
MIS18A	-0.31294	0.17913191	129	20	STATE_DE20
PSME1	-0.0899	0.70623016	121	20	STATE_DE20
PDPK1	-0.02512	0.9162789	80	20	STATE_DE20
KXD1	-0.068692	0.7735303	101	20	STATE_DE20
MOK	-0.262788	0.26298353	123	20	STATE_DE20
PHF12	-0.296098	0.20494595	110	20	STATE_DE20
GTF2H2	0.213488	0.3661252	156	20	STATE_DE20
MRPS34	0.251756	0.28427762	141	20	STATE_DE20
NEPRO	0.279049	0.23348156	42	20	STATE_DE20
IMP4	0.095405	0.68907905	164	20	STATE_DE20
MRPS21	0.002804	0.9906382	146	20	STATE_DE20
RPS27A	-0.086854	0.71578354	97	20	STATE_DE20
NPB	0.170744	0.47168797	196	20	STATE_DE20
GTF2A1	-0.372805	0.10547643	113	20	STATE_DE20
NHP2	-0.065145	0.7849555	66	20	STATE_DE20
BCLAF1	-0.03729	0.875968	51	20	STATE_DE20
ZNF207	0.172651	0.46667817	283	20	STATE_DE20
MCM3	-0.010231	0.965854	124	20	STATE_DE20
PIK3R4	-0.307034	0.18791871	77	20	STATE_DE20
H2AFX	0.069307	0.77155447	139	20	STATE_DE20
NCAPD3	0.13632	0.5665947	81	20	STATE_DE20
RPA2	-0.161267	0.4969876	225	20	STATE_DE20
GRB2	0.261897	0.26466423	169	20	STATE_DE20
SKA1	0.041697	0.8614404	68	20	STATE_DE20
SNRPE	0.015463	0.94840896	184	20	STATE_DE20
ISY1	-0.38431	0.0943303	30	20	STATE_DE20
NDUFS5	0.151387	0.52404886	195	20	STATE_DE20
PRORP	0.014179	0.95269036	42	20	STATE_DE20
NAPA	0.155825	0.5118074	12	20	STATE_DE20
HIST2H3A	0.329086	0.1565479	79	20	STATE_DE20
TEFM	-0.311241	0.18163085	203	20	STATE_DE20
MRPL36	0.199995	0.39788464	189	20	STATE_DE20
SENP6	-0.226427	0.3370764	94	20	STATE_DE20
CSTF3	-0.139224	0.55827737	66	20	STATE_DE20
GIT2	-0.153795	0.51738906	107	20	STATE_DE20
RNF113A	0.144584	0.5430705	176	20	STATE_DE20
TSFM	-0.329901	0.15546273	98	20	STATE_DE20
SLC25A3	-0.225946	0.3381306	114	20	STATE_DE20
VPS33A	0.007803	0.97395545	182	20	STATE_DE20
TLCD1	0.302448	0.19493909	155	20	STATE_DE20
ZNF676	0.285498	0.22239964	89	20	STATE_DE20
TAF12	0.081989	0.7311193	67	20	STATE_DE20
RINT1	-0.031215	0.8960596	145	20	STATE_DE20
MED14	0.412672	0.0705644	117	20	STATE_DE20
TBCC	-0.187308	0.42908028	141	20	STATE_DE20
RPSA	-0.115505	0.62773216	224	20	STATE_DE20
XRCC3	0.184784	0.43543664	53	20	STATE_DE20
GEMIN6	-0.353484	0.12629187	84	20	STATE_DE20
CEBPZ	0.131192	0.58141106	113	20	STATE_DE20
GLE1	-0.057146	0.81087035	57	20	STATE_DE20
STX5	-0.254964	0.27797797	51	20	STATE_DE20
ZNRD1	0.317543	0.17248048	81	20	STATE_DE20
TMED2	-0.11825	0.61952144	137	20	STATE_DE20
KPNA6	0.003307	0.98896116	78	20	STATE_DE20
RPL36AL	-0.118647	0.6183385	152	20	STATE_DE20
WDR75	0.28804	0.21812862	158	20	STATE_DE20
TAF2	-0.343634	0.13795862	144	20	STATE_DE20
COPB1	0.066544	0.7804448	91	20	STATE_DE20
KDM2A	0.156305	0.5104916	117	20	STATE_DE20
DENR	0.106569	0.6547447	251	20	STATE_DE20
IFITM2	-0.156539	0.5098502	150	20	STATE_DE20
RPS3A	-0.039148	0.86983925	160	20	STATE_DE20
WDR5	0.041204	0.8630607	78	20	STATE_DE20
YEATS2	0.117986	0.62031066	240	20	STATE_DE20
ZNF718	0.277549	0.23610896	330	20	STATE_DE20
PSMA2	-0.115751	0.62699276	64	20	STATE_DE20
REV3L	-0.227365	0.3350256	101	20	STATE_DE20
RAN	-0.144966	0.54199445	193	20	STATE_DE20
PNPT1	-0.125258	0.5987616	131	20	STATE_DE20
TRNP1	-0.229231	0.33096525	156	20	STATE_DE20
RPS19BP1	0.016291	0.9456506	54	20	STATE_DE20
EFTUD2	-0.133731	0.57405454	127	20	STATE_DE20
KIF18A	0.090006	0.7058994	47	20	STATE_DE20
PPA1	-0.013658	0.9544273	143	20	STATE_DE20
ATP6V1D	0.042878	0.8575517	139	20	STATE_DE20
GPR61	-0.189779	0.4229041	112	20	STATE_DE20
VPS41	0.405352	0.076214865	332	20	STATE_DE20
PSMD2	-0.392012	0.08736763	63	20	STATE_DE20
MRPL20	0.364478	0.11411772	120	20	STATE_DE20
EEF1B2	-0.23267	0.32356012	32	20	STATE_DE20
CYP2A13	0.182709	0.4406996	140	20	STATE_DE20
BRCA1	-0.071307	0.76513636	104	20	STATE_DE20
RACGAP1	-0.072783	0.76041067	175	20	STATE_DE20
GRWD1	0.0463	0.8463095	189	20	STATE_DE20
ZC3H18	0.021284	0.9290298	32	20	STATE_DE20
KIF23	0.044532	0.85211396	87	20	STATE_DE20
NELFB	0.465851	0.038438633	140	20	STATE_DE20
HNRNPM	-0.32936	0.15618247	258	20	STATE_DE20
TFB2M	0.182021	0.44245273	162	20	STATE_DE20
RPS16	-0.096127	0.6868402	57	20	STATE_DE20
FNTB	-0.124108	0.60214865	102	20	STATE_DE20
MCM5	-0.325298	0.16165905	90	20	STATE_DE20
ABCB10	-0.276583	0.23781154	51	20	STATE_DE20
RPL11	0.253542	0.2807597	387	20	STATE_DE20
TRAPPC5	0.242812	0.3023028	132	20	STATE_DE20
PSMD3	0.004181	0.98604167	64	20	STATE_DE20
EIF3L	-0.346312	0.13471468	57	20	STATE_DE20
MST1	-0.200262	0.39724296	134	20	STATE_DE20
TAF1	-0.219369	0.35274962	97	20	STATE_DE20
MED26	0.057304	0.81035554	105	20	STATE_DE20
ATP6V0B	0.111868	0.6386742	147	20	STATE_DE20
ZNF492	0.212165	0.3691732	157	20	STATE_DE20
ZNF830	-0.14084	0.55367213	15	20	STATE_DE20
COPS5	-0.213677	0.36569268	98	20	STATE_DE20
KCNA10	-0.000402	0.9986585	147	20	STATE_DE20
FAM50A	-0.290656	0.21379021	38	20	STATE_DE20
METTL14	-0.116896	0.6235674	121	20	STATE_DE20
ABCG1	0.255143	0.27763084	144	20	STATE_DE20
RRM1	-0.381197	0.097256675	103	20	STATE_DE20
SMC4	-0.379612	0.098772764	340	20	STATE_DE20
THOC7	-0.119396	0.6161074	132	20	STATE_DE20
PPIL4	-0.209332	0.3757507	74	20	STATE_DE20
RGPD6	0.272781	0.24458706	202	20	STATE_DE20
BAP1	0.306667	0.18847476	200	20	STATE_DE20
TTF2	0.151258	0.52440566	68	20	STATE_DE20
OR1D2	-0.267287	0.25459626	125	20	STATE_DE20
EIF3F	-0.21035	0.37337896	67	20	STATE_DE20
MRPL49	0.202027	0.39300817	40	20	STATE_DE20
EIF3J	-0.22403	0.34235325	82	20	STATE_DE20
GEMIN5	-0.230037	0.32922107	133	20	STATE_DE20
C1orf109	0.290629	0.213835	240	20	STATE_DE20
AIFM1	0.004593	0.9846668	50	20	STATE_DE20
MIOS	-0.260337	0.26762483	163	20	STATE_DE20
PSMD4	-0.112161	0.63778925	352	20	STATE_DE20
TINF2	-0.269046	0.25136378	76	20	STATE_DE20
CD2BP2	0.358061	0.12111627	132	20	STATE_DE20
ILF3	0.147433	0.53506774	138	20	STATE_DE20
ATP6V1C1	-0.161594	0.49610347	59	20	STATE_DE20
SCAF1	0.113155	0.6347936	174	20	STATE_DE20
PSMC1	0.480705	0.03191355	316	20	STATE_DE20
DDX3X	-0.078549	0.7420259	29	20	STATE_DE20
RNMT	-0.042304	0.85944146	114	20	STATE_DE20
LAMTOR2	-0.408629	0.07364528	66	20	STATE_DE20
TADA3	0.151065	0.5249415	150	20	STATE_DE20
CEP68	-0.084276	0.72389615	68	20	STATE_DE20
LCE1E	0.153187	0.5190676	123	20	STATE_DE20
ZNF658	0.093798	0.6940715	111	20	STATE_DE20
COG4	-0.03965	0.8681837	129	20	STATE_DE20
FAF2	-0.48069	0.031919677	165	20	STATE_DE20
ARL2	-0.107265	0.652624	74	20	STATE_DE20
PPP4R2	0.293049	0.20987034	187	20	STATE_DE20
ARPC4	-0.160217	0.49983063	220	20	STATE_DE20
CYS1	0.019578	0.93470544	170	20	STATE_DE20
CXXC1	0.030913	0.89705956	122	20	STATE_DE20
RPL35	-0.154972	0.5141484	46	20	STATE_DE20
AHCTF1	0.097305	0.6831922	290	20	STATE_DE20
HOXC10	0.190136	0.42201668	83	20	STATE_DE20
CPSF1	-0.389018	0.09002788	50	20	STATE_DE20
CLK2	-0.264359	0.26003426	88	20	STATE_DE20
FARS2	0.192541	0.41606006	40	20	STATE_DE20
UQCRH	0.044407	0.8525237	68	20	STATE_DE20
DDOST	-0.606281	0.004599823	86	20	STATE_DE20
CCNH	0.201925	0.39325288	79	20	STATE_DE20
WDR83OS	-0.260722	0.2668925	83	20	STATE_DE20
PSMG4	0.233098	0.32264555	62	20	STATE_DE20
FOXD4	0.210245	0.37362424	94	20	STATE_DE20
CBLL1	0.061276	0.79746425	102	20	STATE_DE20
MRGBP	-0.010305	0.9656074	74	20	STATE_DE20
PIGH	0.022401	0.9253134	85	20	STATE_DE20
CCT2	0.453047	0.044854768	199	20	STATE_DE20
TPT1	-0.18645	0.43123585	48	20	STATE_DE20
DDX42	-0.204202	0.3878238	44	20	STATE_DE20
MRPL32	-0.168658	0.4772008	67	20	STATE_DE20
PNO1	-0.247323	0.2931266	134	20	STATE_DE20
GON4L	0.0081	0.9729618	237	20	STATE_DE20
MTBP	0.126584	0.5948659	191	20	STATE_DE20
PNISR	-0.057197	0.81070364	196	20	STATE_DE20
ALG11	-0.173488	0.46448708	97	20	STATE_DE20
COQ4	-0.258056	0.27199033	162	20	STATE_DE20
MRPL19	0.106542	0.65482825	192	20	STATE_DE20
TSSK3	-0.006342	0.9788295	212	20	STATE_DE20
HAPLN2	0.068915	0.7728146	121	20	STATE_DE20
WDR7	0.060217	0.8008964	103	20	STATE_DE20
POU5F1B	-0.08532	0.72060883	81	20	STATE_DE20
DHX9	-0.244087	0.29969132	92	20	STATE_DE20
UBE2Z	-0.120144	0.61388236	64	20	STATE_DE20
RNF40	0.254356	0.27916595	198	20	STATE_DE20
RBMX	0.1235	0.6039417	147	20	STATE_DE20
HCFC1	-0.090189	0.7053267	55	20	STATE_DE20
POLA2	-0.114408	0.63102424	234	20	STATE_DE20
NMT1	0.191646	0.41827074	25	20	STATE_DE20
EMC1	0.021567	0.92808807	83	20	STATE_DE20
MRPS16	0.23127	0.32656276	41	20	STATE_DE20
RUVBL2	-0.184806	0.4353818	14	20	STATE_DE20
POLD1	0.022681	0.92438424	212	20	STATE_DE20
ZFC3H1	-0.005242	0.98250026	117	20	STATE_DE20
SSX4	0.248738	0.29028356	101	20	STATE_DE20
PSMD13	0.237634	0.3130455	122	20	STATE_DE20
ZNF236	0.114898	0.62955356	85	20	STATE_DE20
ZW10	-0.088794	0.7096959	200	20	STATE_DE20
UXS1	-0.002304	0.99230677	124	20	STATE_DE20
PPP1CB	0.356453	0.12291667	160	20	STATE_DE20
GINS1	-0.356905	0.12240815	186	20	STATE_DE20
NDUFB6	0.091631	0.70082086	190	20	STATE_DE20
RAE1	0.383301	0.09527149	59	20	STATE_DE20
COG6	0.114297	0.6313581	183	20	STATE_DE20
HSD17B12	-0.130562	0.5832439	142	20	STATE_DE20
GTF3C2	-0.302681	0.19457889	114	20	STATE_DE20
ROMO1	-0.263123	0.26235288	87	20	STATE_DE20
HSPA14	-0.091781	0.7003533	120	20	STATE_DE20
SP2	-0.092106	0.6993397	118	20	STATE_DE20
TAF1D	0.253171	0.28148836	141	20	STATE_DE20
CYCS	0.177553	0.45392036	163	20	STATE_DE20
HLA-C	-0.2158	0.36083284	44	20	STATE_DE20
ATP6V1F	-0.257997	0.2721034	72	20	STATE_DE20
NOC2L	-0.034596	0.8848689	28	20	STATE_DE20
FDXR	-0.017971	0.94005543	140	20	STATE_DE20
PPIH	0.034192	0.88620645	114	20	STATE_DE20
VBP1	-0.008706	0.9709396	116	20	STATE_DE20
SNRPB	0.204965	0.3860143	269	20	STATE_DE20
NDUFAF3	0.008444	0.971815	81	20	STATE_DE20
EIF3B	-0.308235	0.18610871	34	20	STATE_DE20
CCAR1	0.00062	0.9979317	48	20	STATE_DE20
BORA	0.04485	0.8510706	55	20	STATE_DE20
HAUS8	0.109786	0.6449691	122	20	STATE_DE20
STRIP1	0.1315	0.58051807	107	20	STATE_DE20
UBE2I	-0.124667	0.6005003	64	20	STATE_DE20
CCT5	-0.067495	0.7773821	66	20	STATE_DE20
GAPDH	0.045627	0.8485164	183	20	STATE_DE20
MRPS18B	0.071328	0.7650687	59	20	STATE_DE20
UTP18	0.148694	0.5315407	77	20	STATE_DE20
EXOSC10	0.274006	0.24239053	92	20	STATE_DE20
UPF2	-0.223326	0.34391242	154	20	STATE_DE20
TOP2A	-0.225877	0.338284	38	20	STATE_DE20
MCRS1	0.090514	0.7043125	71	20	STATE_DE20
SPC24	-0.126401	0.59540427	98	20	STATE_DE20
NOP10	0.121966	0.608479	147	20	STATE_DE20
CPSF4	0.100363	0.67375326	59	20	STATE_DE20
COX10	0.196338	0.40674558	94	20	STATE_DE20
PKM	0.3756	0.102684654	149	20	STATE_DE20
MCMBP	0.044103	0.85352314	145	20	STATE_DE20
RPL18A	0.274257	0.24194232	65	20	STATE_DE20
OGFOD1	0.199008	0.40026516	114	20	STATE_DE20
RPL18	-0.227035	0.33574548	308	20	STATE_DE20
CENPH	0.112921	0.6354981	63	20	STATE_DE20
POLR2H	0.128427	0.5894694	102	20	STATE_DE20
HMGCS1	-0.128818	0.5883285	230	20	STATE_DE20
SPCS3	0.343197	0.13849369	167	20	STATE_DE20
CTCF	-0.26297	0.2626404	68	20	STATE_DE20
CFDP1	-0.016866	0.9437354	157	20	STATE_DE20
MED8	-0.189573	0.42341888	112	20	STATE_DE20
COQ2	0.14543	0.54068893	67	20	STATE_DE20
PRKRIP1	0.410335	0.072333016	182	20	STATE_DE20
SKP2	0.158707	0.5039324	202	20	STATE_DE20
RPL27	0.317292	0.17283869	38	20	STATE_DE20
HIST2H2BE	-0.054929	0.81808686	31	20	STATE_DE20
SRSF7	-0.066356	0.78104943	118	20	STATE_DE20
WDR70	-0.186076	0.43217558	30	20	STATE_DE20
NDUFA4	0.140058	0.5558996	86	20	STATE_DE20
ATP2A2	-0.260024	0.2682211	158	20	STATE_DE20
TVP23C	0.059787	0.8022922	113	20	STATE_DE20
BARD1	0.202805	0.39114857	140	20	STATE_DE20
TXNL4A	0.232571	0.3237723	85	20	STATE_DE20
PPP1R10	-0.18474	0.43554845	7	20	STATE_DE20
HIST2H2AC	0.026415	0.91197944	73	20	STATE_DE20
POLE2	-0.026815	0.9106517	56	20	STATE_DE20
LONP1	0.047626	0.84196025	128	20	STATE_DE20
GOSR2	-0.207708	0.37954837	84	20	STATE_DE20
PALB2	-0.47693	0.033483185	97	20	STATE_DE20
CDC37	-0.521433	0.018382672	174	20	STATE_DE20
CDC5L	-0.169153	0.47589055	99	20	STATE_DE20
PFDN6	-0.201178	0.39504135	115	20	STATE_DE20
TMEM258	-0.43267	0.05672745	193	20	STATE_DE20
PARS2	0.084202	0.7241319	66	20	STATE_DE20
ADRM1	-0.3116	0.18110155	105	20	STATE_DE20
DNAJC11	0.148657	0.53164387	46	20	STATE_DE20
RPUSD3	-0.27517	0.24031398	164	20	STATE_DE20
PCBP1	-0.362696	0.11603155	108	20	STATE_DE20
NRBP1	0.216791	0.35857812	63	20	STATE_DE20
PRELID1	0.233685	0.3213934	152	20	STATE_DE20
NOC4L	0.383237	0.09533223	34	20	STATE_DE20
MRTO4	-0.171958	0.46849567	83	20	STATE_DE20
FARSB	-0.391774	0.08757658	97	20	STATE_DE20
NSMCE1	0.159829	0.50088394	61	20	STATE_DE20
GTF2F2	-0.080092	0.73712856	59	20	STATE_DE20
DOHH	0.032425	0.8920532	155	20	STATE_DE20
CEP152	0.063325	0.79083335	153	20	STATE_DE20
SNRNP48	0.118572	0.6185613	191	20	STATE_DE20
PABPN1	-0.124603	0.6006896	148	20	STATE_DE20
TULP1	0.307511	0.1871985	123	20	STATE_DE20
CCDC137	-0.325506	0.16137588	198	20	STATE_DE20
PRPF18	0.200812	0.39592066	268	20	STATE_DE20
ELL	0.367584	0.11083729	83	20	STATE_DE20
TAF6	-0.301386	0.19658993	113	20	STATE_DE20
BRF2	0.268264	0.25279823	174	20	STATE_DE20
GTF3C3	0.202375	0.39217713	132	20	STATE_DE20
TAF1B	-0.241081	0.30586934	94	20	STATE_DE20
RRP12	-0.014407	0.9519307	204	20	STATE_DE20
IK	0.235247	0.31807566	289	20	STATE_DE20
TCP1	-0.252265	0.28327203	67	20	STATE_DE20
NOP56	0.103134	0.6652399	99	20	STATE_DE20
ISG20L2	0.07032	0.7683017	73	20	STATE_DE20
TSPYL5	0.233565	0.32164994	93	20	STATE_DE20
TTI2	-0.389603	0.0895032	43	20	STATE_DE20
INCENP	-0.131495	0.58053154	59	20	STATE_DE20
REXO2	-0.150207	0.5273236	79	20	STATE_DE20
POP1	0.180337	0.4467559	84	20	STATE_DE20
BET1	-0.005116	0.9829208	131	20	STATE_DE20
ATF4	0.206436	0.38253897	72	20	STATE_DE20
SNRNP70	-0.141732	0.5511384	129	20	STATE_DE20
NVL	0.250095	0.2875736	110	20	STATE_DE20
HDAC7	0.222012	0.34683228	171	20	STATE_DE20
NCAPH2	0.256488	0.2750165	143	20	STATE_DE20
NELFE	-0.162816	0.49280778	74	20	STATE_DE20
ATP6AP1	0.231868	0.32527906	119	20	STATE_DE20
RPL14	0.213416	0.36629182	220	20	STATE_DE20
ISCU	-0.192838	0.41532525	58	20	STATE_DE20
MRPL17	-0.331824	0.15292376	99	20	STATE_DE20
HIST1H2BC	0.368824	0.10954618	64	20	STATE_DE20
TPR	0.399089	0.081310585	77	20	STATE_DE20
MRPS25	-0.096717	0.68501204	99	20	STATE_DE20
MRPL41	-0.294694	0.20720522	69	20	STATE_DE20
LTBP3	0.004017	0.98658836	157	20	STATE_DE20
ARMC6	-0.071327	0.76507294	86	20	STATE_DE20
DCTN5	-0.043869	0.8542924	141	20	STATE_DE20
RAD51C	-0.01349	0.9549868	65	20	STATE_DE20
TIPIN	-0.05192	0.8279058	109	20	STATE_DE20
SRP14	0.227943	0.33376518	132	20	STATE_DE20
LAS1L	0.560911	0.010084883	83	20	STATE_DE20
COASY	-0.136455	0.56620777	247	20	STATE_DE20
PAM16	0.206447	0.38251454	56	20	STATE_DE20
TIGD1	-0.092067	0.699462	59	20	STATE_DE20
DDX52	0.150572	0.52630913	117	20	STATE_DE20
NFYC	0.08347	0.7264391	23	20	STATE_DE20
HSPD1	-0.340197	0.14220291	145	20	STATE_DE20
TRIAP1	-0.046398	0.8459867	66	20	STATE_DE20
EMC7	-0.131854	0.5794897	193	20	STATE_DE20
POLR3K	-0.189194	0.4243626	108	20	STATE_DE20
EP400	0.436011	0.05463292	82	20	STATE_DE20
GLRX5	-0.166127	0.48393184	99	20	STATE_DE20
MRPS12	-0.29904	0.20026797	55	20	STATE_DE20
RBM10	-0.160211	0.4998471	130	20	STATE_DE20
SIN3A	-0.419737	0.06541486	307	20	STATE_DE20
SMC6	-0.219892	0.35157377	125	20	STATE_DE20
SCNM1	-0.173382	0.46476263	101	20	STATE_DE20
SEC61A1	-0.15082	0.525621	180	20	STATE_DE20
SCD	-0.098269	0.6802104	24	20	STATE_DE20
MIS18BP1	0.223121	0.3443659	107	20	STATE_DE20
VPS37C	-0.075703	0.7510825	177	20	STATE_DE20
DHPS	0.159642	0.5013901	66	20	STATE_DE20
TTK	0.077461	0.7454852	199	20	STATE_DE20
NCAPH	-0.217133	0.35780203	68	20	STATE_DE20
USP10	-0.139203	0.5583369	92	20	STATE_DE20
GTPBP4	0.209015	0.37648967	71	20	STATE_DE20
DTYMK	-0.123182	0.60488236	121	20	STATE_DE20
UBA2	-0.052092	0.82734346	172	20	STATE_DE20
FAM229A	-0.324261	0.16307889	137	20	STATE_DE20
XPO5	-0.27666	0.23767555	221	20	STATE_DE20
KATNB1	-0.120911	0.61160713	178	20	STATE_DE20
DPH6	-0.348174	0.13249005	101	20	STATE_DE20
CAPZB	-0.068358	0.77460426	83	20	STATE_DE20
TRIM49C	-0.199061	0.40013728	85	20	STATE_DE20
ADAT2	0.163405	0.4912239	85	20	STATE_DE20
PDCD2	0.019651	0.93446296	74	20	STATE_DE20
BNIP1	0.18942	0.42379937	111	20	STATE_DE20
YARS2	0.342582	0.13924852	190	20	STATE_DE20
GUK1	0.044039	0.85373396	118	20	STATE_DE20
BRD8	-0.008819	0.9705646	77	20	STATE_DE20
NPM3	-0.011491	0.9616517	62	20	STATE_DE20
ATP6AP2	-0.061037	0.79823977	175	20	STATE_DE20
NDUFB7	-0.101007	0.6717702	74	20	STATE_DE20
POLG2	0.067425	0.7776062	156	20	STATE_DE20
SUPT4H1	0.043557	0.8553204	74	20	STATE_DE20
SPC25	-0.009918	0.9668975	199	20	STATE_DE20
MBTPS2	-0.075147	0.7528562	214	20	STATE_DE20
UBA52	0.314689	0.17658488	58	20	STATE_DE20
ELAC2	-0.11679	0.6238819	85	20	STATE_DE20
HAMP	-0.407085	0.07484757	33	20	STATE_DE20
NAA25	0.22608	0.3378373	176	20	STATE_DE20
SBDS	-0.256451	0.27508783	95	20	STATE_DE20
RTF1	0.17774	0.45343658	62	20	STATE_DE20
PCNA	0.23682	0.31475618	132	20	STATE_DE20
WDR1	0.110302	0.6434062	102	20	STATE_DE20
PFDN2	-0.05469	0.818865	86	20	STATE_DE20
RAC1	0.004986	0.9833554	194	20	STATE_DE20
NAE1	0.05167	0.8287234	88	20	STATE_DE20
XRCC6	0.141488	0.55183256	28	20	STATE_DE20
TREML2	-0.143656	0.54569185	58	20	STATE_DE20
PSMA7	0.151592	0.52347875	41	20	STATE_DE20
ECT2	0.170103	0.4733775	55	20	STATE_DE20
ARF4	-0.27598	0.23887785	89	20	STATE_DE20
NUDCD3	-0.088499	0.7106195	112	20	STATE_DE20
RPL41	0.25339	0.28105798	47	20	STATE_DE20
WDTC1	-0.136849	0.56507486	112	20	STATE_DE20
HIST2H3D	0.002513	0.9916096	185	20	STATE_DE20
ANAPC1	0.242364	0.3032232	124	20	STATE_DE20
ELOVL1	-0.170877	0.4713391	176	20	STATE_DE20
HINFP	0.193371	0.41401327	160	20	STATE_DE20
ARFRP1	0.440919	0.05166339	138	20	STATE_DE20
ZC3H8	0.480441	0.032021653	21	20	STATE_DE20
GAK	-0.403127	0.07799673	167	20	STATE_DE20
CHTOP	0.149532	0.52920353	149	20	STATE_DE20
MRPL44	0.034048	0.8866813	73	20	STATE_DE20
MASTL	0.10509	0.65925765	112	20	STATE_DE20
EIF1	0.112801	0.6358605	95	20	STATE_DE20
RANBP2	0.232706	0.32348314	85	20	STATE_DE20
HUWE1	-0.203558	0.38935485	94	20	STATE_DE20
SEM1	0.155347	0.5131201	88	20	STATE_DE20
PAK1IP1	0.24973	0.28830078	21	20	STATE_DE20
RAD51D	0.31948	0.16973226	142	20	STATE_DE20
CA5A	0.187878	0.4276505	190	20	STATE_DE20
CUL3	0.210874	0.3721634	120	20	STATE_DE20
CHCHD4	0.058965	0.8049587	140	20	STATE_DE20
SASS6	-0.26371	0.26124963	68	20	STATE_DE20
SDHA	-0.218814	0.35400137	62	20	STATE_DE20
SNAPC2	-0.032407	0.8921112	72	20	STATE_DE20
TOMM40	0.022028	0.9265545	117	20	STATE_DE20
THOC5	-0.050718	0.831836	32	20	STATE_DE20
LIN52	-0.159384	0.5020918	13	20	STATE_DE20
GRSF1	0.272791	0.24456863	172	20	STATE_DE20
TELO2	-0.280871	0.23031509	74	20	STATE_DE20
RFC4	-0.036402	0.8789008	72	20	STATE_DE20
ARL4D	-0.00314	0.9895164	120	20	STATE_DE20
RAD21	-0.269036	0.2513819	117	20	STATE_DE20
SEPSECS	0.220523	0.35015815	82	20	STATE_DE20
RPTOR	0.084233	0.7240338	82	20	STATE_DE20
NSMCE2	0.132467	0.5777127	118	20	STATE_DE20
DCAF6	-0.079406	0.73930496	137	20	STATE_DE20
PRRC2A	0.158001	0.5058575	89	20	STATE_DE20
CHMP1A	0.115908	0.62652373	78	20	STATE_DE20
C7orf50	0.120337	0.613311	93	20	STATE_DE20
CNIH4	-0.128767	0.5884764	67	20	STATE_DE20
GJA3	-0.337931	0.14505053	73	20	STATE_DE20
CCT8	-0.186885	0.43014148	111	20	STATE_DE20
RABGGTA	-0.104078	0.6623508	116	20	STATE_DE20
TUBA3D	-0.331076	0.1539081	69	20	STATE_DE20
CPSF6	0.369879	0.10845669	50	20	STATE_DE20
HAUS5	-0.082391	0.7298492	160	20	STATE_DE20
FEN1	-0.191586	0.41841882	141	20	STATE_DE20
NOLC1	0.15863	0.5041424	119	20	STATE_DE20
KRT17	-0.106388	0.65529615	85	20	STATE_DE20
EIF4A1	0.109944	0.64449275	46	20	STATE_DE20
WDR24	0.319195	0.1701349	82	20	STATE_DE20
ANKS6	-0.195215	0.4094888	95	20	STATE_DE20
NOP58	0.126562	0.5949296	55	20	STATE_DE20
INTS4	-0.417356	0.06711744	48	20	STATE_DE20
DIMT1	-0.088998	0.7090539	94	20	STATE_DE20
RPP30	0.213668	0.36571157	101	20	STATE_DE20
YY1	0.008284	0.9723492	82	20	STATE_DE20
SUMO2	0.180998	0.44506553	63	20	STATE_DE20
PRPF19	0.124859	0.5999369	112	20	STATE_DE20
ATP6V1G1	0.131375	0.58088154	67	20	STATE_DE20
HIST1H2BB	0.034457	0.8853293	135	20	STATE_DE20
ORC6	0.131576	0.5802969	81	20	STATE_DE20
TIMM8A	-0.222783	0.34511623	162	20	STATE_DE20
SYMPK	0.25749	0.27308115	89	20	STATE_DE20
SMC5	-0.079759	0.7381842	121	20	STATE_DE20
PPP1R7	0.191681	0.41818517	63	20	STATE_DE20
PRPF3	-0.402808	0.078254975	143	20	STATE_DE20
TSEN54	-0.102864	0.6660683	52	20	STATE_DE20
GTF2A2	-0.267546	0.25411904	173	20	STATE_DE20
PRPF38B	0.042151	0.85994375	29	20	STATE_DE20
MED27	-0.316527	0.17393364	19	20	STATE_DE20
SKA3	0.280556	0.23086077	116	20	STATE_DE20
DDX21	0.271225	0.24739556	90	20	STATE_DE20
ATP1A1	-0.134828	0.5708895	84	20	STATE_DE20
IFITM3	0.068093	0.77545655	20	20	STATE_DE20
SRP68	0.305463	0.1903051	171	20	STATE_DE20
CLNS1A	0.179952	0.44774324	53	20	STATE_DE20
HSP90B1	0.754743	0.0001201688	114	20	STATE_DE20
CMPK1	-0.213814	0.365377	173	20	STATE_DE20
CCNL1	-0.029962	0.90021354	177	20	STATE_DE20
GSPT1	0.149893	0.528197	108	20	STATE_DE20
SSBP3	-0.1912	0.4193743	107	20	STATE_DE20
KIF18B	0.221629	0.3476863	122	20	STATE_DE20
PRDM10	-0.139249	0.5582076	14	20	STATE_DE20
NOL9	0.079983	0.73747486	33	20	STATE_DE20
NDUFA8	-0.082839	0.7284334	109	20	STATE_DE20
KLF7	0.083141	0.72747993	173	20	STATE_DE20
PET117	-0.113425	0.63397926	83	20	STATE_DE20
VPS72	0.296955	0.20357679	98	20	STATE_DE20
OSBP	0.363899	0.11473732	65	20	STATE_DE20
LSM11	-0.24883	0.29010025	130	20	STATE_DE20
NUFIP1	0.295747	0.20551014	63	20	STATE_DE20
UQCRB	0.121124	0.6109737	96	20	STATE_DE20
DNAJC17	-0.097285	0.6832527	31	20	STATE_DE20
ZWINT	0.301271	0.19676927	33	20	STATE_DE20
RBM19	0.167896	0.47922298	43	20	STATE_DE20
MRPL37	0.195551	0.4086665	116	20	STATE_DE20
TRAPPC1	-0.167634	0.4799194	106	20	STATE_DE20
RPS5	-0.082902	0.7282349	144	20	STATE_DE20
NOB1	-0.237224	0.3139079	53	20	STATE_DE20
RBBP5	0.349973	0.13036624	23	20	STATE_DE20
F8A1	0.135909	0.56777596	28	20	STATE_DE20
COPE	-0.180435	0.44650695	143	20	STATE_DE20
SDC1	0.002766	0.99076545	170	20	STATE_DE20
MTPAP	0.165312	0.48610973	90	20	STATE_DE20
HBS1L	-0.295312	0.20620842	143	20	STATE_DE20
EXOSC1	-0.173299	0.46497962	77	20	STATE_DE20
PPA2	-0.324956	0.16212584	64	20	STATE_DE20
NBEAL1	-0.038982	0.87038493	99	20	STATE_DE20
HIST1H2BE	-0.160718	0.49847302	55	20	STATE_DE20
CUL7	0.002526	0.9915658	33	20	STATE_DE20
SCAP	-0.121174	0.61082554	140	20	STATE_DE20
MRPL13	-0.166576	0.48273346	87	20	STATE_DE20
SLC7A6OS	-0.135867	0.5678963	38	20	STATE_DE20
MRPL21	0.099203	0.6773269	14	20	STATE_DE20
ARIH1	0.124849	0.5999646	59	20	STATE_DE20
SHQ1	-0.130922	0.5821979	94	20	STATE_DE20
PELP1	0.295896	0.20526989	69	20	STATE_DE20
ZRSR2	-0.299731	0.19918086	113	20	STATE_DE20
EWSR1	-0.13644	0.56624955	48	20	STATE_DE20
NOL7	0.271412	0.24705708	73	20	STATE_DE20
DDX41	-0.090939	0.7029834	292	20	STATE_DE20
BIRC5	-0.263902	0.2608905	46	20	STATE_DE20
OSGEP	-0.163661	0.49053544	70	20	STATE_DE20
RPL12	-0.247334	0.29310355	255	20	STATE_DE20
SKP1	0.177741	0.4534351	66	20	STATE_DE20
NUP133	-0.223835	0.34278387	79	20	STATE_DE20
ZRANB2	-0.150473	0.52658546	40	20	STATE_DE20
TWISTNB	0.060823	0.7989332	169	20	STATE_DE20
EPRS	0.018137	0.9395037	79	20	STATE_DE20
KARS	0.142114	0.5500566	59	20	STATE_DE20
HSCB	-0.165132	0.48659006	86	20	STATE_DE20
PES1	0.18127	0.44437006	65	20	STATE_DE20
HNRNPU	0.339767	0.14273949	93	20	STATE_DE20
RNF168	0.003017	0.9899291	61	20	STATE_DE20
SAP130	0.344888	0.1364322	113	20	STATE_DE20
TAF5	-0.235256	0.31805697	35	20	STATE_DE20
NUP88	0.189074	0.42466143	36	20	STATE_DE20
COX6C	-0.128266	0.5899398	117	20	STATE_DE20
SAP30BP	-0.183501	0.43868732	40	20	STATE_DE20
PSMA1	-0.197115	0.4048548	170	20	STATE_DE20
DAD1	-0.066741	0.7798077	80	20	STATE_DE20
MRPL28	-0.227096	0.33561206	52	20	STATE_DE20
ARID3A	0.044028	0.85377	31	20	STATE_DE20
SNAPC1	-0.012466	0.9584004	96	20	STATE_DE20
RPL29	0.361699	0.11711208	88	20	STATE_DE20
NEMF	0.151325	0.5242185	63	20	STATE_DE20
MRPS18A	0.35742	0.12183139	121	20	STATE_DE20
POLD2	-0.108972	0.6474381	78	20	STATE_DE20
OR2T29	0.297281	0.20305732	103	20	STATE_DE20
TIMM44	-0.039839	0.8675613	45	20	STATE_DE20
CRKL	-0.02428	0.9190702	120	20	STATE_DE20
DDX59	0.233062	0.32272193	154	20	STATE_DE20
CLSPN	-0.15807	0.5056693	134	20	STATE_DE20
MED4	0.129019	0.5877396	66	20	STATE_DE20
CFL1	0.016006	0.946601	23	20	STATE_DE20
CEP97	-0.23344	0.32191476	135	20	STATE_DE20
GNB1L	0.234622	0.31940204	76	20	STATE_DE20
INO80	-0.015015	0.94990456	151	20	STATE_DE20
SDHD	-0.2278	0.3340761	45	20	STATE_DE20
HGS	0.181387	0.44407004	99	20	STATE_DE20
NDUFA11	-0.304224	0.19220008	80	20	STATE_DE20
UQCRFS1	-0.258264	0.2715913	119	20	STATE_DE20
PDCD7	-0.286483	0.22073863	99	20	STATE_DE20
EEF1A1	0.418367	0.06639078	37	20	STATE_DE20
EXOC5	0.179124	0.44987106	110	20	STATE_DE20
MRPL9	0.267069	0.25499764	121	20	STATE_DE20
KTI12	0.338315	0.1445652	52	20	STATE_DE20
WBP1	-0.025905	0.9136718	99	20	STATE_DE20
COX17	-0.009735	0.96750665	143	20	STATE_DE20
UTP3	0.238911	0.31037512	27	20	STATE_DE20
NOP14	0.234804	0.31901532	47	20	STATE_DE20
NPAT	0.03744	0.8754733	21	20	STATE_DE20
NFS1	0.435049	0.055229973	82	20	STATE_DE20
SLC25A26	-0.174625	0.46151838	36	20	STATE_DE20
RBMXL1	-0.071771	0.763652	60	20	STATE_DE20
NCKAP1	0.184913	0.43511122	70	20	STATE_DE20
C12orf45	0.081646	0.73220474	100	20	STATE_DE20
COA5	-0.234656	0.31932792	175	20	STATE_DE20
INTS7	-0.024429	0.9185731	79	20	STATE_DE20
EIF4B	0.055307	0.81685716	41	20	STATE_DE20
CTPS1	-0.063414	0.7905459	14	20	STATE_DE20
PI4KA	-0.038656	0.87145996	109	20	STATE_DE20
DNM2	-0.081865	0.7315114	12	20	STATE_DE20
ILF2	-0.210254	0.37360206	56	20	STATE_DE20
DPH3	0.113786	0.63289493	60	20	STATE_DE20
ZNF253	0.258257	0.27160388	118	20	STATE_DE20
XRCC5	-0.19895	0.4004072	88	20	STATE_DE20
DHX33	0.274111	0.24220277	140	20	STATE_DE20
DMAP1	0.015376	0.9487017	78	20	STATE_DE20
UPF1	-0.153872	0.51717776	131	20	STATE_DE20
MRPS6	0.194195	0.411988	152	20	STATE_DE20
RPS8	-0.023764	0.92078346	22	20	STATE_DE20
EXOSC5	0.027495	0.9083946	41	20	STATE_DE20
PRPF38A	0.029448	0.9019147	19	20	STATE_DE20
RPS15	0.260788	0.26676604	26	20	STATE_DE20
ANAPC11	0.098508	0.6794733	77	20	STATE_DE20
PFDN4	0.338838	0.14390557	34	20	STATE_DE20
UBR4	0.264199	0.26033443	26	20	STATE_DE20
RSRC2	-0.194103	0.41221422	98	20	STATE_DE20
GMPS	0.190331	0.4215316	123	20	STATE_DE20
NUP35	-0.349269	0.13119508	64	20	STATE_DE20
MRPS5	-0.013695	0.95430136	73	20	STATE_DE20
CENPC	-0.381518	0.096951954	124	20	STATE_DE20
RBBP6	-0.078404	0.74248576	86	20	STATE_DE20
TOMM20	-0.057626	0.8093083	111	20	STATE_DE20
WEE1	-0.190962	0.4199651	41	20	STATE_DE20
POLR2K	-0.035843	0.8807479	22	20	STATE_DE20
NOM1	0.303064	0.19398649	80	20	STATE_DE20
RFC5	0.050979	0.8309819	111	20	STATE_DE20
RRP7A	-0.033614	0.88811785	46	20	STATE_DE20
MTRNR2L1	-0.304701	0.19146849	43	20	STATE_DE20
POGZ	-0.184814	0.43536195	38	20	STATE_DE20
TRPM7	0.361208	0.1176465	128	20	STATE_DE20
NELFA	0.158787	0.50371534	89	20	STATE_DE20
LCN10	0.215685	0.36109516	81	20	STATE_DE20
RRN3	-0.286441	0.22080906	39	20	STATE_DE20
DARS	-0.023166	0.92277133	70	20	STATE_DE20
METTL16	-0.174748	0.46119848	42	20	STATE_DE20
UTP6	0.036548	0.8784185	69	20	STATE_DE20
MED29	-0.259462	0.26929334	93	20	STATE_DE20
FARSA	0.050798	0.831574	138	20	STATE_DE20
GPN1	0.097753	0.6818063	86	20	STATE_DE20
NOL12	0.163122	0.49198475	93	20	STATE_DE20
NAA50	-0.02272	0.92425513	108	20	STATE_DE20
RBM48	0.264099	0.2605212	55	20	STATE_DE20
PSMA6	-0.078913	0.74087065	40	20	STATE_DE20
ANLN	0.256077	0.2758131	96	20	STATE_DE20
TOPBP1	0.052137	0.82719743	52	20	STATE_DE20
UBC	0.101419	0.6705047	107	20	STATE_DE20
TONSL	0.192862	0.41526678	28	20	STATE_DE20
GLRX3	0.102966	0.6657569	136	20	STATE_DE20
SRSF3	-0.320192	0.16873035	29	20	STATE_DE20
SMNDC1	0.229146	0.33114874	15	20	STATE_DE20
OGT	0.019649	0.93447053	31	20	STATE_DE20
GTF2H3	-0.108726	0.6481859	76	20	STATE_DE20
UNC50	0.460853	0.040852163	83	20	STATE_DE20
AASDHPPT	-0.175055	0.4603989	49	20	STATE_DE20
HNRNPL	0.104069	0.6623789	80	20	STATE_DE20
RNPC3	0.187716	0.42805663	74	20	STATE_DE20
ANAPC10	0.016087	0.94633204	29	20	STATE_DE20
NUP43	0.257072	0.27388674	29	20	STATE_DE20
RPP21	-0.037452	0.8754348	60	20	STATE_DE20
SEC62	-0.031148	0.89628273	5	20	STATE_DE20
DUT	0.228175	0.33325922	49	20	STATE_DE20
TPRKB	0.364011	0.114617035	40	20	STATE_DE20
TBL3	-0.001632	0.9945529	75	20	STATE_DE20
NFKBIE	-0.033513	0.8884523	51	20	STATE_DE20
MEPCE	-0.350711	0.12950225	127	20	STATE_DE20
CCDC84	-0.134115	0.57294685	79	20	STATE_DE20
DOLK	0.267707	0.2538219	146	20	STATE_DE20
MAU2	-0.085174	0.72106874	66	20	STATE_DE20
CWC22	0.010396	0.965304	34	20	STATE_DE20
URI1	0.205298	0.38522735	82	20	STATE_DE20
CLCC1	0.29183	0.21186158	47	20	STATE_DE20
CTNNBL1	0.139231	0.55825967	69	20	STATE_DE20
PPP6C	0.166119	0.48395255	114	20	STATE_DE20
PSMC5	0.15008	0.52767843	17	20	STATE_DE20
METTL23	-0.243544	0.3008023	114	20	STATE_DE20
VPS28	-0.094464	0.6920008	59	20	STATE_DE20
HIST1H2AI	0.649076	0.001958256	56	20	STATE_DE20
PSMA5	0.018393	0.9386495	25	20	STATE_DE20
CCNA2	0.262274	0.2639532	24	20	STATE_DE20
DDX20	0.337265	0.1458949	114	20	STATE_DE20
SYS1	0.152806	0.520119	59	20	STATE_DE20
PDAP1	0.072122	0.7625265	50	20	STATE_DE20
PLK1	-0.244627	0.29859012	60	20	STATE_DE20
MRPL15	0.042402	0.85911703	46	20	STATE_DE20
TPI1	-0.282123	0.22815627	40	20	STATE_DE20
PABPC1	0.347086	0.13378677	19	20	STATE_DE20
MSTO1	0.018747	0.93747365	100	20	STATE_DE20
VPS35	0.157782	0.506453	43	20	STATE_DE20
RCOR1	-0.37014	0.108188786	35	20	STATE_DE20
PWP2	0.00402	0.98657995	51	20	STATE_DE20
RNF4	0.183205	0.43943992	32	20	STATE_DE20
POP5	0.129249	0.5870682	56	20	STATE_DE20
HNRNPK	-0.179777	0.44819355	25	20	STATE_DE20
SF1	-0.389496	0.089598775	47	20	STATE_DE20
CPSF2	0.033975	0.88692254	20	20	STATE_DE20
XRN2	-0.147074	0.53607094	66	20	STATE_DE20
CHTF8	0.371392	0.10690842	45	20	STATE_DE20
TOE1	0.147981	0.5335325	146	20	STATE_DE20
ARGFX	-0.192472	0.4162298	84	20	STATE_DE20
ZNF720	0.126488	0.59514886	73	20	STATE_DE20
CDC26	-0.297572	0.20259428	45	20	STATE_DE20
UBR5	0.069017	0.7724878	46	20	STATE_DE20
TUBGCP4	-0.073416	0.7583861	42	20	STATE_DE20
TDGF1	0.095869	0.68763876	106	20	STATE_DE20
NPM1	0.145081	0.54167247	27	20	STATE_DE20
EIF1AD	0.01435	0.9521206	33	20	STATE_DE20
AARS	0.024196	0.9193475	40	20	STATE_DE20
XRN1	0.270188	0.24927947	10	20	STATE_DE20
PRPF31	-0.30181	0.19592893	27	20	STATE_DE20
NAPG	-0.050963	0.83103454	62	20	STATE_DE20
EIF3G	0.217548	0.35686055	67	20	STATE_DE20
OTOP1	-0.197664	0.40352184	105	20	STATE_DE20
PSMC3	-0.196827	0.40555423	41	20	STATE_DE20
PGPEP1	-0.09944	0.67659646	52	20	STATE_DE20
IARS	-0.287648	0.21878472	58	20	STATE_DE20
LAMTOR3	-0.122812	0.6059758	40	20	STATE_DE20
IPO7	0.006005	0.979955	75	20	STATE_DE20
OPA1	-0.277342	0.23647214	60	20	STATE_DE20
COG8	-0.130118	0.5845368	47	20	STATE_DE20
HSD17B10	0.330795	0.15427817	26	20	STATE_DE20
RPL7L1	0.265167	0.25852633	30	20	STATE_DE20
SNIP1	0.143876	0.5450695	45	20	STATE_DE20
MOCS3	0.415303	0.06861264	118	20	STATE_DE20
SARS	0.158682	0.50400025	28	20	STATE_DE20
EXOC7	0.246975	0.29382896	32	20	STATE_DE20
COX5A	0.205377	0.385039	85	20	STATE_DE20
HAUS6	-0.366374	0.11210653	33	20	STATE_DE20
CHMP4B	-0.055335	0.81676394	71	20	STATE_DE20
FAU	0.156147	0.5109244	48	20	STATE_DE20
PPY	-0.070654	0.76723164	10	20	STATE_DE20
TERF1	-0.104186	0.66202074	83	20	STATE_DE20
PSMD14	-2.5e-05	0.9999177	10	20	STATE_DE20
PPIL1	-0.012842	0.9571452	24	20	STATE_DE20
CHAF1A	0.009414	0.9685804	38	20	STATE_DE20
SNRPD2	-0.267368	0.25444627	19	20	STATE_DE20
GPN2	-0.108128	0.6499998	44	20	STATE_DE20
THAP11	-0.213284	0.36659476	63	20	STATE_DE20
IPO13	-0.217214	0.35761815	51	20	STATE_DE20
AFG3L2	0.115243	0.62851834	15	20	STATE_DE20
PREB	0.151749	0.5230453	40	20	STATE_DE20
POT1	-0.255858	0.27623895	5	20	STATE_DE20
CACTIN	-0.221597	0.34775835	60	20	STATE_DE20
MRPL34	0.251317	0.2851477	27	20	STATE_DE20
TUBG1	-0.22318	0.34423497	13	20	STATE_DE20
RFFL	0.271989	0.246015	7	20	STATE_DE20
NOL10	0.300684	0.19768512	25	20	STATE_DE20
UQCRC2	0.104507	0.6610396	68	20	STATE_DE20
PSMB2	-0.098968	0.6780522	53	20	STATE_DE20
SET	-0.098816	0.6785227	17	20	STATE_DE20
OR4K1	0.185751	0.4329956	19	20	STATE_DE20
BMS1	0.128642	0.58884066	28	20	STATE_DE20
BUD31	-0.463095	0.0397556	37	20	STATE_DE20
RPAP3	0.027405	0.9086929	18	20	STATE_DE20
CDK7	0.234578	0.3194944	18	20	STATE_DE20
TBC1D3	-0.188201	0.42684337	32	20	STATE_DE20
SNRPC	-0.239537	0.30907166	34	20	STATE_DE20
RPS2	0.441323	0.05142457	53	20	STATE_DE20
NDUFAF7	-0.003178	0.9893907	18	20	STATE_DE20
CDT1	0.375452	0.10283092	28	20	STATE_DE20
FAM133B	-0.056479	0.8130398	25	20	STATE_DE20
RPL7A	-0.126489	0.5951454	10	20	STATE_DE20
NUP155	-0.284106	0.22476311	7	20	STATE_DE20
FDPS	0.204669	0.38671595	10	20	STATE_DE20
RBM22	0.046747	0.8448431	5	20	STATE_DE20
POLR3A	-0.231737	0.3255597	6	20	STATE_DE20
